code,rows,start_date,end_date,missing_ratio,inf_count,mean_feature,std_feature,outlier_ratio,avg_abs_diff
600085,1943,2017-01-03,2024-12-31,0.005323597529593413,0,-0.020069604932226197,0.416467272406285,0.002251672671127123,0.19641207848027448
002594,1943,2017-01-03,2024-12-31,0.005323597529593413,0,-0.050990847839615126,0.5555139011794958,0.012191199176531137,0.2556224556517933
000063,1894,2017-01-03,2024-12-31,0.005461325237592397,0,0.09802015036838604,0.6373283199621693,0.012325105596620908,0.2869854652717125
603993,1943,2017-01-03,2024-12-31,0.005323597529593413,0,0.013077713980340418,0.5230253921566264,0.014024704065877509,0.2520611619775709
603288,1943,2017-01-03,2024-12-31,0.005323597529593413,0,0.016663962566185218,0.4726935554205728,0.0013670869788986104,0.20527650113536566
600010,1934,2017-01-03,2024-12-31,0.005348371251292658,0,0.10381339193368326,0.7287261239958914,0.029133273009307136,0.22243284068950153
002920,1703,2017-12-26,2024-12-31,0.00607384028185555,0,-0.10861547479468528,0.5361887824249403,0.010642982971227247,0.27828029628926815
000630,1933,2017-01-03,2024-12-31,0.0053511381272633215,0,-0.09369936001626755,0.4844919843590864,0.009780781169167096,0.21473058426800104
002049,1827,2017-01-03,2024-12-31,0.00566160372194855,0,0.017765906538438674,0.6549259250455451,0.010741652983032294,0.30782889379641476
000596,1943,2017-01-03,2024-12-31,0.005323597529593413,0,-0.04416496032006717,0.5242442816984505,0.004262094698919198,0.2437561854011353
300750,1594,2018-06-11,2024-12-31,0.0064891781681304895,0,0.12323983277472127,0.6823993721217843,0.020428168130489335,0.3060098757020159
688036,1274,2019-09-30,2024-12-31,0.008119113029827315,0,0.0029960451985994625,0.5957898165295459,0.017464678178963893,0.30908043391287937
002353,1943,2017-01-03,2024-12-31,0.005323597529593413,0,-0.09431804152604596,0.47073793062977376,0.0039725939269171385,0.25048496223611494
600009,1932,2017-01-03,2024-12-31,0.005353907867494824,0,-0.1108264215151622,0.35606250941603296,0.001358695652173913,0.1872280331936102
601868,790,2021-09-28,2024-12-31,0.013093354430379745,0,0.02305334157985893,0.5284118790668145,0.02199367088607595,0.20318540080629194
600938,656,2022-04-21,2024-12-31,0.015767911585365856,0,-0.047959963618620254,0.42178562971367867,0.004477896341463415,0.2077801590382674
600118,1943,2017-01-03,2024-12-31,0.005323597529593413,0,0.05649977961349713,0.5558324193277522,0.007527020072053526,0.25262076210909723
000166,1926,2017-01-26,2024-12-31,0.005370586708203531,0,-0.23759175329076662,0.34175387053555284,0.0036507009345794392,0.15341575151158224
601117,1943,2017-01-03,2024-12-31,0.005323597529593413,0,-0.13888295965044778,0.3563549233970797,0.002251672671127123,0.18688637300271116
688472,380,2023-06-09,2024-12-31,0.027220394736842107,0,-0.05605214812609892,0.5567110921987384,0.013733552631578948,0.29376098445064486
000807,1916,2017-01-03,2024-12-31,0.005398616910229645,0,-0.11242167405249333,0.4859721991339965,0.007845120041753653,0.24673126964708425
300308,1938,2017-01-03,2024-12-31,0.005337332301341589,0,0.05269324753471519,0.7432856795824978,0.017608359133126937,0.3146858560773766
601318,1943,2017-01-03,2024-12-31,0.005323597529593413,0,-0.0020871983368631122,0.37096473213951675,0.010325527534740093,0.18674909374574056
601169,1935,2017-01-03,2024-12-31,0.005345607235142118,0,-0.19904276568422674,0.2017351980853477,0.0003391472868217054,0.09882402100587562
601857,1943,2017-01-03,2024-12-31,0.005323597529593413,0,-0.13896414326246878,0.2960573706710583,0.0025250900669068453,0.12852320155258587
600926,1943,2017-01-03,2024-12-31,0.005323597529593413,0,-0.16566411709567747,0.3123384466182634,0.0015118373648996398,0.1611345323201702
300274,1943,2017-01-03,2024-12-31,0.005323597529593413,0,0.14186865178468508,0.8429837127111198,0.02269364384971693,0.34101992900548744
600795,1879,2017-01-03,2024-12-31,0.0055049228312932415,0,0.24361191977362895,0.496783751450817,0.0020123736029803085,0.17426669413539175
600027,1932,2017-01-03,2024-12-31,0.005353907867494824,0,-0.16408281824167884,0.31389574380848584,0.000873447204968944,0.1594788336298253
600050,1848,2017-01-03,2024-12-31,0.005597267316017316,0,-0.045612005018097826,0.4504542177294687,0.012987012987012988,0.20024114176858612
600887,1939,2017-01-03,2024-12-31,0.00533457968024755,0,0.9599679900343903,0.8169723510894535,0.12045513151108819,0.2876371225187686
603392,1135,2020-04-29,2024-12-31,0.009113436123348018,0,0.03566807260605258,0.7090653152148705,0.020429515418502204,0.2888523441615313
600188,1943,2017-01-03,2024-12-31,0.005323597529593413,0,-0.1217884992204865,0.3746040746643545,0.0030558414822439523,0.18895587417743095
000538,1890,2017-01-03,2024-12-31,0.005472883597883597,0,0.49744673306218473,0.6355846418527065,0.014649470899470898,0.23891384236871838
600893,1932,2017-01-03,2024-12-31,0.005353907867494824,0,-0.08450511140985026,0.472381604526078,0.00577445652173913,0.21896102635091652
603259,1618,2018-05-08,2024-12-31,0.006392923362175526,0,0.022840528661534867,0.5921655386371498,0.010197775030902348,0.27449884632044425
601066,1588,2018-06-20,2024-12-31,0.0065136964735516365,0,-0.05208965755772396,0.5787046776101334,0.01593986146095718,0.24788345339665355
601800,1943,2017-01-03,2024-12-31,0.005323597529593413,0,-0.16669172833051468,0.35741261067565844,0.0028145908389089038,0.17472864675824235
000963,1943,2017-01-03,2024-12-31,0.005323597529593413,0,-0.04723952147421771,0.4809909589310418,0.003393592382913021,0.23325609982381257
000938,1908,2017-01-03,2024-12-31,0.005421252620545073,0,-0.12427236372991714,0.4792765315978037,0.005781577568134172,0.2552239477162548
301165,514,2022-11-21,2024-12-31,0.020124027237354087,0,0.010174804748454783,0.628199629871917,0.030216439688715954,0.3278184476711004
600016,1943,2017-01-03,2024-12-31,0.005323597529593413,0,-0.14466095304438042,0.24244867324999933,0.0013349202264539373,0.10236743906919951
600549,1943,2017-01-03,2024-12-31,0.005323597529593413,0,-0.06903961548706972,0.4418909305825514,0.0036509264024704065,0.21529354785999527
000338,1943,2017-01-03,2024-12-31,0.005323597529593413,0,-0.0781970778583108,0.4081817343537254,0.0013831703551209472,0.20252376374297476
601898,1943,2017-01-03,2024-12-31,0.005323597529593413,0,-0.167650469190488,0.31381750353180726,0.0013349202264539373,0.16486570948503537
601766,1943,2017-01-03,2024-12-31,0.005323597529593413,0,-0.16056138514337398,0.31497344644143377,0.0021551724137931034,0.14508558438156507
000858,1943,2017-01-03,2024-12-31,0.005323597529593413,0,0.9258475604751915,1.3192711887309194,0.1772227225939269,0.3649276136210828
601628,1943,2017-01-03,2024-12-31,0.005323597529593413,0,-0.16337113177788218,0.32080282842134095,0.0021551724137931034,0.1743381942422141
600039,1931,2017-01-03,2024-12-31,0.00535668047643708,0,-0.13858045948992886,0.37329477468901906,0.003188114966338684,0.1715229950858407
002714,1943,2017-01-03,2024-12-31,0.005323597529593413,0,0.1369686668792931,0.7261293498107728,0.01014861039629439,0.2756792051232304
300124,1932,2017-01-03,2024-12-31,0.005353907867494824,0,0.2516935954811418,0.7644656382381235,0.009866718426501036,0.27155634647978244
000768,1943,2017-01-03,2024-12-31,0.005323597529593413,0,-0.1380538540582742,0.43078876884402323,0.0035705095213587235,0.22437540959961905
002422,1943,2017-01-03,2024-12-31,0.005323597529593413,0,-0.15710405846079648,0.3617104084624567,0.0014796706124549667,0.19988337561419667
688047,614,2022-06-24,2024-12-31,0.016846498371335505,0,0.03427680961020163,0.6388964922332723,0.02051099348534202,0.3388383240336139
601336,1943,2017-01-03,2024-12-31,0.005323597529593413,0,-0.14391997949455676,0.3497330546990592,0.002283839423571796,0.18956396408957182
001979,1927,2017-01-03,2024-12-31,0.005367799688635185,0,-0.22244815405307916,0.3341865441091211,0.001248702646600934,0.1836483183706819
600183,1943,2017-01-03,2024-12-31,0.005323597529593413,0,-0.07555653140610342,0.39883818369624024,0.0023964230571281524,0.20910496915079874
688271,573,2022-08-22,2024-12-31,0.01805191972076789,0,-0.09718674475620492,0.4795383295057644,0.005780977312390925,0.22745071793725286
600221,1812,2017-01-03,2024-12-31,0.005708471302428256,0,-0.13240406369139746,0.4904184414999855,0.006053394039735099,0.1728955187626915
601398,1943,2017-01-03,2024-12-31,0.005323597529593413,0,-0.04849651845736451,0.2712957143310504,0.011387030365414306,0.12087513578675839
002558,1908,2017-01-03,2024-12-31,0.005421252620545073,0,-0.2091768643616312,0.44369845453700996,0.004585953878406709,0.21025980105847353
600588,1941,2017-01-03,2024-12-31,0.0053290829469345696,0,0.16554356446215646,0.7097597018330455,0.011430963420917054,0.29344753491413855
688072,657,2022-04-20,2024-12-31,0.015743911719939115,0,0.15431280060262098,0.7136136781744503,0.022307838660578387,0.3648149913148707
603986,1807,2017-03-13,2024-12-31,0.005724266740453791,0,0.20249140112702896,0.7802136444268724,0.018279607083563916,0.3531337981019895
601788,1943,2017-01-03,2024-12-31,0.005323597529593413,0,-0.14589342263553337,0.42075215569261715,0.005082346886258363,0.17849411419786856
601633,1936,2017-01-03,2024-12-31,0.005342846074380165,0,-0.1026173487153202,0.4590153617746811,0.005988507231404958,0.21360904872619946
688506,481,2023-01-06,2024-12-31,0.021504677754677758,0,0.09905471328788387,0.6792422066512676,0.02702702702702703,0.3467741034982634
300251,1943,2017-01-03,2024-12-31,0.005323597529593413,0,-0.06304224467347723,0.463379993003582,0.0035544261451363867,0.24480523316243713
002736,1933,2017-01-03,2024-12-31,0.0053511381272633215,0,-0.2706388393279488,0.3139677795393675,0.002651319192964304,0.15529901189289297
600011,1943,2017-01-03,2024-12-31,0.005323597529593413,0,-0.17260895604454324,0.3043455055640176,0.0006433350488934637,0.14417726640662787
300033,1943,2017-01-03,2024-12-31,0.005323597529593413,0,0.2979541382065864,1.0123032921735495,0.028097658260422025,0.3513050794978794
002142,1937,2017-01-03,2024-12-31,0.005340087764584409,0,-0.20189363675964483,0.3133137949059669,0.0007259938048528652,0.18210448241915972
600600,1943,2017-01-03,2024-12-31,0.005323597529593413,0,-0.11663944586526262,0.3645655992540776,0.0018013381369016985,0.195160601482545
000895,1928,2017-01-03,2024-12-31,0.005365015560165975,0,-0.06226866955366356,0.3534208248978561,0.0005997147302904564,0.15906277519403375
601319,1487,2018-11-16,2024-12-31,0.006956119704102219,0,-0.13009679335945662,0.4392804390389694,0.006304640215198385,0.1777751261001992
002371,1943,2017-01-03,2024-12-31,0.005323597529593413,0,0.2813123251927955,0.9621800734394315,0.026698404529078745,0.3672088560272797
601919,1893,2017-01-03,2024-12-31,0.005464210248283148,0,-0.05149831529749216,0.5095158443218766,0.011671288959323824,0.21899928756562276
600438,1943,2017-01-03,2024-12-31,0.005323597529593413,0,0.04436881196971648,0.6000574515649795,0.010679361811631496,0.26905363502206736
688981,1084,2020-07-16,2024-12-31,0.00954220479704797,0,-0.042403525577292975,0.6227490132469338,0.01107011070110701,0.24371451476829784
601995,1013,2020-11-02,2024-12-31,0.010211006910167818,0,-0.1016411091871178,0.4886042838382203,0.009470631786771964,0.23132834055024232
002466,1918,2017-01-03,2024-12-31,0.005392987486965589,0,0.11752481674329479,0.8542384155941986,0.030125782064650677,0.3578078702960882
002311,1943,2017-01-03,2024-12-31,0.005323597529593413,0,-0.10751976386747988,0.3984693256059988,0.0011419197117858982,0.19767608771743927
601225,1943,2017-01-03,2024-12-31,0.005323597529593413,0,-0.10419857915358124,0.3357079240176497,0.0011901698404529078,0.19001809093123814
601059,468,2023-02-01,2024-12-31,0.022102029914529916,0,0.005211939629878003,0.6165298832369613,0.022836538461538464,0.2985611682339991
600089,1937,2017-01-03,2024-12-31,0.005340087764584409,0,0.20450211741466628,0.7588535584464986,0.009679917398038203,0.26364852505590797
600066,1942,2017-01-03,2024-12-31,0.005326338825952626,0,0.08958689877241759,0.4335055132748177,0.0008045829042224511,0.18549013754987642
688041,579,2022-08-12,2024-12-31,0.017864853195164076,0,0.10682763322743973,0.6842907347693591,0.027903713298791016,0.3500460590338583
688012,1323,2019-07-22,2024-12-31,0.007818405139833711,0,0.042550518270846896,0.7470224622692343,0.020833333333333336,0.3242543603148139
600515,1804,2017-01-03,2024-12-31,0.005733786031042128,0,-0.1383201537467415,0.4713938655125216,0.007518015521064301,0.22355800312576676
002074,1930,2017-01-03,2024-12-31,0.0053594559585492235,0,-0.10188458829473553,0.5853398670543476,0.013795336787564769,0.2883999316794477
300760,1510,2018-10-16,2024-12-31,0.0068501655629139065,0,-0.020078964507388476,0.47376923592099734,0.003518211920529802,0.23442489573171474
002938,1524,2018-09-18,2024-12-31,0.006787237532808399,0,-0.1574297488104521,0.45515583370211105,0.006848753280839894,0.24753314870457194
601136,491,2022-12-22,2024-12-31,0.02106670061099796,0,0.12581012657203386,0.6946265970422318,0.03443228105906314,0.32923135979917756
601698,1339,2019-06-28,2024-12-31,0.007724981329350261,0,-0.04464868397803349,0.6202689187919823,0.019440814040328602,0.2695655126104782
601088,1879,2017-01-03,2024-12-31,0.0055049228312932415,0,-0.15671735025088612,0.252073161535197,0.00048230441724321445,0.13494208286624554
000625,1943,2017-01-03,2024-12-31,0.005323597529593413,0,-0.07071184178559603,0.5597889714686061,0.011274446731857951,0.24000700644395476
300433,1943,2017-01-03,2024-12-31,0.005323597529593413,0,-0.0838923528837103,0.5124533470335515,0.007784354091610911,0.25833065159757373
600919,1937,2017-01-03,2024-12-31,0.005340087764584409,0,-0.1475288779193027,0.3050446995808002,0.0011938564790913786,0.14850698625279704
603019,1940,2017-01-03,2024-12-31,0.005331829896907217,0,0.02904168377599091,0.5816913305687412,0.013321520618556702,0.2908054740608651
301269,589,2022-07-29,2024-12-31,0.017561544991511035,0,-0.05448143770269349,0.6321321334068499,0.015227079796264855,0.28738390405391634
600061,1943,2017-01-03,2024-12-31,0.005323597529593413,0,-0.1631718607484696,0.37293378365074226,0.00439076170869789,0.18565110603274482
000725,1943,2017-01-03,2024-12-31,0.005323597529593413,0,0.2521339497351536,0.6985238801351116,0.05477997941327844,0.27980761825022227
002532,1860,2017-01-03,2024-12-31,0.005561155913978495,0,-0.16487491542834148,0.4934716310551607,0.008383736559139786,0.22636479207638605
601077,1258,2019-10-29,2024-12-31,0.00822237678855326,0,-0.18035438537865445,0.2950441088169509,0.001689189189189189,0.12527466974098117
000301,1772,2017-01-03,2024-12-31,0.005837330699774266,0,-0.20107323383171627,0.44990722899733104,0.00804176072234763,0.2021859769145857
300014,1943,2017-01-03,2024-12-31,0.005323597529593413,0,0.2858775966974176,1.0342236411420744,0.028097658260422032,0.3757782009975881
601818,1943,2017-01-03,2024-12-31,0.005323597529593413,0,-0.14765882156107107,0.25411738481654234,0.0016726711271230058,0.11647930170871684
601186,1943,2017-01-03,2024-12-31,0.005323597529593413,0,-0.15728144796222734,0.32093905580891213,0.001656587750900669,0.15919957433321685
000333,1903,2017-01-03,2024-12-31,0.005435496584340515,0,-0.07922281957470627,0.35867524730643785,0.0009031791907514451,0.19249769307992137
000708,1937,2017-01-03,2024-12-31,0.005340087764584409,0,-0.2230925531226709,0.34939836452028866,0.002161848218895199,0.1827886966490549
600048,1943,2017-01-03,2024-12-31,0.005323597529593413,0,0.013367083843432433,0.39628234678188856,0.0016726711271230058,0.20270332308400807
601328,1943,2017-01-03,2024-12-31,0.005323597529593413,0,-0.1535498689829186,0.22256258933917783,0.0011258363355635616,0.10343123963571114
605117,899,2021-04-20,2024-12-31,0.011505839822024473,0,0.15782139020268415,0.7408189624782491,0.027565350389321466,0.37275677819669834
600660,1943,2017-01-03,2024-12-31,0.005323597529593413,0,0.7466832680107012,0.8520627622659764,0.0836818064848173,0.2505551992097941
002384,1873,2017-01-03,2024-12-31,0.005522557394554191,0,-0.055815055235235556,0.540964849950224,0.009960624666310732,0.29133964327360307
601009,1941,2017-01-03,2024-12-31,0.0053290829469345696,0,-0.15763412212802566,0.27150453887500736,0.0005795981452859352,0.1411386820803426
002460,1942,2017-01-03,2024-12-31,0.005326338825952626,0,0.18822872960235162,0.8756309000374702,0.023509912461380022,0.3510991138013585
300015,1930,2017-01-03,2024-12-31,0.0053594559585492235,0,0.30079896331099454,0.897830564839116,0.01672603626943005,0.3040748228258443
003816,1298,2019-08-26,2024-12-31,0.007968990755007704,0,-0.19908421875169502,0.34659546363849775,0.0022871725731895224,0.15355888247385122
600026,1938,2017-01-03,2024-12-31,0.005337332301341589,0,-0.14732609009503272,0.37072814915150276,0.002305856553147575,0.19346933383583662
600160,1933,2017-01-03,2024-12-31,0.0053511381272633215,0,-0.06851301549661146,0.4387421986014008,0.004801474392136576,0.2351141612522742
688303,836,2021-07-22,2024-12-31,0.012372906698564595,0,-0.13294220629536252,0.5443614932657843,0.007064892344497607,0.23009250363573358
601021,1943,2017-01-03,2024-12-31,0.005323597529593413,0,-0.13040718620783842,0.3342651344569597,0.0015118373648996398,0.19510295661760582
600886,1943,2017-01-03,2024-12-31,0.005323597529593413,0,-0.03209191165593389,0.32557310169453435,0.0005307514153371076,0.15777303703174567
600760,1931,2017-01-03,2024-12-31,0.00535668047643708,0,0.01326961252069327,0.5593207837987294,0.008933195235629209,0.26331706602735405
002179,1943,2017-01-03,2024-12-31,0.005323597529593413,0,-0.028831930382723407,0.4621346961045808,0.0015600874935666495,0.2241589708254337
600584,1925,2017-01-03,2024-12-31,0.005373376623376624,0,-0.0008665373522960887,0.5462793274012852,0.011298701298701298,0.2793645597001437
603296,340,2023-08-08,2024-12-31,0.030422794117647062,0,-0.04197447208290974,0.45871077339352306,0.007628676470588235,0.2648454772084983
300450,1916,2017-02-08,2024-12-31,0.005398616910229645,0,0.1484617746769137,0.7587332384763417,0.0115964248434238,0.31029751583198145
601881,1929,2017-01-23,2024-12-31,0.005362234318299637,0,-0.1014124501789853,0.4669775025043584,0.007419647485743908,0.22147653242018978
605499,875,2021-05-27,2024-12-31,0.01182142857142857,0,-0.03367286176680278,0.5139685125094422,0.007785714285714286,0.23359918804954669
600875,1883,2017-03-28,2024-12-31,0.005493228890069039,0,-0.1322559968257219,0.3792649696199456,0.0030868295273499737,0.19902524917697806
002415,1941,2017-01-03,2024-12-31,0.0053290829469345696,0,0.12934956327616642,0.5508928464844475,0.003203889747552808,0.24626654932922387
600015,1943,2017-01-03,2024-12-31,0.005323597529593413,0,-0.21872923076644815,0.19945379434852673,0.0003699176531137416,0.09817451974386307
002602,1838,2017-01-09,2024-12-31,0.00562772034820457,0,-0.1548797365011481,0.4867204233456751,0.005848748639825898,0.22923373334163433
600219,1937,2017-01-03,2024-12-31,0.005340087764584409,0,-0.10136138303900549,0.39379904172139946,0.004759292720702116,0.18312829560404034
601985,1943,2017-01-03,2024-12-31,0.005323597529593413,0,-0.14348461845276142,0.3201010946942403,0.0015922542460113228,0.15401122749536575
600406,1836,2017-06-08,2024-12-31,0.005633850762527233,0,0.13024771590451031,0.5096929413751514,0.0021105664488017426,0.22256677334054095
600346,1880,2017-03-14,2024-12-31,0.005501994680851064,0,-0.08573022907207795,0.43187054645311435,0.0035904255319148936,0.20807047724425226
000792,1624,2017-01-03,2024-12-31,0.006369304187192118,0,-0.13164254173765472,0.8289316369539914,0.005965209359605911,0.22373319221305005
601901,1933,2017-01-03,2024-12-31,0.0053511381272633215,0,-0.14085749953836846,0.4114374331225187,0.004946973616140714,0.19881372231038383
600176,1931,2017-01-03,2024-12-31,0.00535668047643708,0,-0.05470084203509409,0.40892431687461117,0.0019096323148627655,0.20847621118793783
600918,1113,2020-06-03,2024-12-31,0.009293575920934412,0,-0.14326101243668093,0.5036844313327928,0.008732030548068283,0.19989016287660827
601456,1053,2020-07-31,2024-12-31,0.00982312440645774,0,-0.02997413013290997,0.5461693475743612,0.014719848053181387,0.2747120035459695
002916,1710,2017-12-13,2024-12-31,0.0060489766081871345,0,-0.08238288371112956,0.5598288532547575,0.010562865497076024,0.26700060338889103
688111,1244,2019-11-18,2024-12-31,0.008314911575562701,0,0.08111419734665215,0.6690673447225532,0.015147709003215434,0.3427594695599798
600522,1943,2017-01-03,2024-12-31,0.005323597529593413,0,-0.04912869211837016,0.47611268062648376,0.0056774318064848174,0.24173181332370586
600803,1907,2017-01-03,2024-12-31,0.005424095437860514,0,-0.09796820041202497,0.4060664424682735,0.00409674882013634,0.23538279436280912
600958,1931,2017-01-03,2024-12-31,0.00535668047643708,0,-0.13424086951770975,0.41688181719899986,0.005016830657690315,0.20094482186004145
601607,1943,2017-01-03,2024-12-31,0.005323597529593413,0,-0.15840696765021955,0.33838518305587506,0.002187339166237777,0.17735118448402884
300896,1032,2020-09-28,2024-12-31,0.010023013565891473,0,0.2392110702332944,0.8772691474175063,0.02074249031007752,0.35696809986590544
300059,1943,2017-01-03,2024-12-31,0.005323597529593413,0,0.5666937601975894,1.2344471890702522,0.040803525476067935,0.38282193110621854
000988,1943,2017-01-03,2024-12-31,0.005323597529593413,0,-0.08622235115488162,0.49977789284533003,0.006594184251158004,0.25095845241425546
601229,1943,2017-01-03,2024-12-31,0.005323597529593413,0,-0.1987701959669902,0.24103376680750194,0.0007720020586721565,0.11381107884136407
300999,1025,2020-10-15,2024-12-31,0.010091463414634145,0,-0.143691274156279,0.5921534044095597,0.013719512195121953,0.22672085551546417
000157,1943,2017-01-03,2024-12-31,0.005323597529593413,0,-0.09928241251301372,0.39421258948996285,0.0012384199691199177,0.16270604597135385
600104,1943,2017-01-03,2024-12-31,0.005323597529593413,0,-0.13550173392978138,0.2856412466884536,0.0005790015440041174,0.1363273581078448
600941,725,2022-01-05,2024-12-31,0.014267241379310345,0,-0.07624312440293474,0.33990687871338604,0.0015517241379310344,0.18167673231683645
600018,1940,2017-01-03,2024-12-31,0.005331829896907217,0,-0.16040808447056495,0.2872371788504319,0.0012242268041237113,0.1359199068513294
601688,1943,2017-01-03,2024-12-31,0.005323597529593413,0,-0.1250909162414463,0.3462206091982303,0.0022677560473494595,0.17211655149514168
601877,1943,2017-01-03,2024-12-31,0.005323597529593413,0,-0.15497430260408943,0.3424354779625507,0.0020586721564590836,0.17847263416924167
300408,1933,2017-01-03,2024-12-31,0.0053511381272633215,0,-0.12736243712871745,0.36743897082312665,0.0015519917227108122,0.2124831579295015
300122,1943,2017-01-03,2024-12-31,0.005323597529593413,0,0.016694968857523737,0.6464000230234777,0.01014861039629439,0.2895325239471801
300661,1833,2017-06-06,2024-12-31,0.0056430714675395535,0,0.16231740004164924,0.8372780749582327,0.01950354609929078,0.3414799853165045
000002,1938,2017-01-03,2024-12-31,0.005337332301341589,0,1.329546290049442,1.1797215164063912,0.33779992260061925,0.3583784753855672
688183,936,2021-02-25,2024-12-31,0.011051014957264958,0,-0.07999197965680799,0.5709767922356337,0.016860309829059828,0.25510294392650434
600460,1867,2017-01-03,2024-12-31,0.005540305302624532,0,0.09098466560245572,0.6841497802696461,0.015081012319228709,0.30294495973523583
000776,1943,2017-01-03,2024-12-31,0.005323597529593413,0,-0.19044872817090355,0.35390418843147853,0.0021873391662377765,0.16582478270090759
000100,1867,2017-01-03,2024-12-31,0.005540305302624532,0,-0.01828722239652432,0.5456100182813091,0.02152517407605785,0.2308858534901997
300832,1129,2020-05-12,2024-12-31,0.009161868910540303,0,-0.10369078141641166,0.5198988484438597,0.008442205491585475,0.25184301892914396
600030,1926,2017-01-03,2024-12-31,0.005370586708203531,0,-0.00956759939706555,0.4492934380916156,0.009605399792315679,0.19961127225047226
002625,1780,2017-01-03,2024-12-31,0.005811095505617978,0,-0.11931204632244996,0.6033197995930502,0.01404494382022472,0.26708315083179635
302132,1933,2017-01-03,2024-12-31,0.0053511381272633215,0,-0.08934020478356815,0.6542134070287469,0.009570615623383343,0.2462315625284854
600436,1943,2017-01-03,2024-12-31,0.005323597529593413,0,0.24509422464615926,0.752469182800064,0.011177946474523932,0.24440658127754616
601888,1943,2017-01-03,2024-12-31,0.005323597529593413,0,0.015069704007426701,0.5624538389410452,0.006883685023160061,0.25794211644541876
000999,1943,2017-01-03,2024-12-31,0.005323597529593413,0,-0.2131392861019755,0.3377794932215329,0.002444673185795162,0.18118030290390424
002304,1943,2017-01-03,2024-12-31,0.005323597529593413,0,-0.022603947973197747,0.47942606929976855,0.002026505404014411,0.21790990260265705
603893,1192,2020-02-07,2024-12-31,0.008677642617449665,0,-0.027885455913620186,0.6251355083589571,0.018902055369127518,0.2798656461806942
000408,1910,2017-01-03,2024-12-31,0.0054155759162303665,0,-0.11570270825124378,0.5581031019848351,0.012614528795811519,0.25416087725562764
601825,816,2021-08-19,2024-12-31,0.012676164215686275,0,-0.20051627467005712,0.30244354946208296,0.001838235294117647,0.126366028046009
600115,1943,2017-01-03,2024-12-31,0.005323597529593413,0,-0.16583345051466392,0.32644853909759813,0.0014796706124549667,0.17654645501676008
600362,1943,2017-01-03,2024-12-31,0.005323597529593413,0,-0.15334623208296555,0.3420145028193887,0.001624420998455996,0.17215782993402484
601166,1943,2017-01-03,2024-12-31,0.005323597529593413,0,-0.10303571996262287,0.2975542933522156,0.0016083376222336592,0.14615948572710097
002493,1943,2017-01-03,2024-12-31,0.005323597529593413,0,-0.15446255214755833,0.43965686687514133,0.00363484302624807,0.20075404530855
001391,2,2024-12-30,2024-12-31,0.53125,0,7.999004236022191,8.83630252641532,0.125,12.496418874088189
600031,1943,2017-01-03,2024-12-31,0.005323597529593413,0,0.22725910737078958,0.6363742879197006,0.006352933607822954,0.24652092443941603
601390,1869,2017-01-03,2024-12-31,0.005534376672017121,0,-0.14634467765124615,0.3277365333472801,0.0026250668806848585,0.1587793129109227
600276,1943,2017-01-03,2024-12-31,0.005323597529593413,0,0.8462447453672448,1.035883054437013,0.10909354091610912,0.3290945891590747
601727,1812,2017-05-08,2024-12-31,0.005708471302428256,0,-0.1583222978704787,0.4670501528499639,0.006691501103752761,0.17529374606566314
000977,1931,2017-01-03,2024-12-31,0.00535668047643708,0,3.116322350096151e-05,0.643125254906177,0.018384256861729675,0.3211622288820026
601916,1232,2019-11-26,2024-12-31,0.008395900974025974,0,-0.18384676495765528,0.3027226587845563,0.0022067775974025975,0.12576142672619675
601998,1943,2017-01-03,2024-12-31,0.005323597529593413,0,-0.20299532269617676,0.2507494538094655,0.0010775862068965517,0.12332999019517452
002028,1943,2017-01-03,2024-12-31,0.005323597529593413,0,0.006811798135452058,0.5750719806021178,0.004213844570252187,0.24629719951806936
600489,1932,2017-01-03,2024-12-31,0.005353907867494824,0,-0.10732951931312448,0.3696943409916629,0.001973343685300207,0.1996665796469877
601138,1595,2018-06-08,2024-12-31,0.006485109717868339,0,-0.062083344374672327,0.5267593433642168,0.010775862068965518,0.2373524386318181
600150,1806,2017-01-03,2024-12-31,0.005727436323366556,0,-0.0907178967790866,0.4480874484328835,0.005813953488372093,0.21932014956896906
601939,1943,2017-01-03,2024-12-31,0.005323597529593413,0,-0.13510189499374245,0.24039645494165748,0.0005950849202264539,0.11860657138820113
002001,1943,2017-01-03,2024-12-31,0.005323597529593413,0,-0.02616149662498273,0.4437924244625062,0.001544004117344313,0.20550816172693742
688223,710,2022-01-26,2024-12-31,0.014568661971830986,0,-0.06210267467897024,0.5347580378900115,0.007922535211267605,0.27324535439371167
688126,1142,2020-04-20,2024-12-31,0.009057574430823117,0,-0.0590390691899464,0.6712611052140922,0.01661011383537653,0.27051860697081465
601058,1939,2017-01-03,2024-12-31,0.00533457968024755,0,-0.10875565810085053,0.3994162381488603,0.0037551572975760704,0.21218784640194044
688256,1082,2020-07-20,2024-12-31,0.009559842883548983,0,0.07730975250572938,0.8675688210667307,0.027553142329020335,0.35875734438312396
601658,1228,2019-12-10,2024-12-31,0.008423249185667753,0,-0.10080227953374943,0.326890340482549,0.0017559039087947886,0.16119315270494658
002230,1943,2017-01-03,2024-12-31,0.005323597529593413,0,0.11419813252717595,0.6461683106017917,0.010775862068965518,0.30470670898875646
600741,1943,2017-01-03,2024-12-31,0.005323597529593413,0,0.14395235133113138,0.4273060430755829,0.0007398353062274834,0.1956707361061146
600036,1943,2017-01-03,2024-12-31,0.005323597529593413,0,-0.034900405279457175,0.33751738995380565,0.0020265054040144105,0.17652438312567753
300316,1943,2017-01-03,2024-12-31,0.005323597529593413,0,0.008725945261596584,0.600234260369003,0.007671770458054556,0.2851017384655347
600019,1924,2017-01-03,2024-12-31,0.005376169438669439,0,-0.14692407546589906,0.2834166489582365,0.0005847193347193348,0.1362928332038323
002648,1941,2017-01-03,2024-12-31,0.0053290829469345696,0,-0.12891717317385956,0.4477182124261876,0.004379185986604843,0.2413437074529966
601689,1943,2017-01-03,2024-12-31,0.005323597529593413,0,-0.07257989917661326,0.4717743644055007,0.0071249356664951115,0.2588121696796881
002241,1943,2017-01-03,2024-12-31,0.005323597529593413,0,0.12583678324937086,0.7260847169937181,0.00944094184251158,0.3119758061619402
600025,1710,2017-12-15,2024-12-31,0.0060489766081871345,0,-0.1477768088889157,0.3751730377380459,0.0031067251461988302,0.16458969692163677
600900,1932,2017-01-03,2024-12-31,0.005353907867494824,0,-0.1548265576712451,0.22064498422828124,0.00038819875776397513,0.11039865163187844
301236,681,2022-03-15,2024-12-31,0.01518906020558003,0,0.08426228617753065,0.7713352898143147,0.034875183553597644,0.3767353528219007
600585,1943,2017-01-03,2024-12-31,0.005323597529593413,0,-0.105375200560346,0.31993387078878593,0.0005790015440041174,0.1656457307012808
600809,1932,2017-01-03,2024-12-31,0.005353907867494824,0,0.19035466732594333,0.73334579273211,0.007974249482401656,0.2712880098566751
300803,1244,2019-11-18,2024-12-31,0.008314911575562701,0,-0.005334970408660822,0.7217842279963353,0.02713022508038585,0.33331481138913166
600690,1941,2017-01-03,2024-12-31,0.0053290829469345696,0,0.21192149469484833,0.5248628125050263,0.0015294951056156621,0.22339331391067418
600000,1943,2017-01-03,2024-12-31,0.005323597529593413,0,-0.17883288823407656,0.22898857240753157,0.000595084920226454,0.10865966412886548
002202,1937,2017-01-03,2024-12-31,0.005340087764584409,0,-0.16710914462783177,0.42185199689711705,0.003145973154362416,0.20732177307732333
300418,1938,2017-01-03,2024-12-31,0.005337332301341589,0,-0.01969795660471818,0.6298829085039073,0.01735036119711042,0.31175588661851505
601838,1678,2018-01-31,2024-12-31,0.006164332538736592,0,-0.14429758723666677,0.36973942422242734,0.0036315554231227654,0.17769462956926818
000657,1928,2017-01-03,2024-12-31,0.005365015560165975,0,-0.16011674673040927,0.4816420669472717,0.009352308091286307,0.26303969501859503
000975,1923,2017-01-03,2024-12-31,0.005378965158606344,0,-0.15069226649119571,0.4021465953291928,0.002876365054602184,0.22644887427088642
000568,1943,2017-01-03,2024-12-31,0.005323597529593413,0,1.073591379547746,1.6017451463346002,0.23317678847143594,0.4053459939487445
601669,1943,2017-01-03,2024-12-31,0.005323597529593413,0,-0.12318809492138666,0.42155183874243973,0.006899768399382399,0.17276115880999832
002475,1942,2017-01-03,2024-12-31,0.005326338825952626,0,0.3104671051514638,0.8500531264585036,0.01662268280123584,0.337997871058913
600028,1943,2017-01-03,2024-12-31,0.005323597529593413,0,-0.12162111627352458,0.24526636313899303,0.0020747555326814204,0.11829650759674146
603799,1931,2017-01-03,2024-12-31,0.00535668047643708,0,0.020057000501357433,0.5950466228876601,0.015956758156395648,0.310763269568264
601600,1834,2017-01-03,2024-12-31,0.005639994547437296,0,-0.03700280859780801,0.48905621570357233,0.011774127589967284,0.22138429581095495
301308,584,2022-08-05,2024-12-31,0.017711900684931503,0,0.040233591343578595,0.6888282089483843,0.027611301369863013,0.354279465220746
000425,1920,2017-01-03,2024-12-31,0.005387369791666667,0,-0.08438594295049867,0.4219606616758871,0.0022298177083333332,0.2128619737708567
600309,1818,2017-01-03,2024-12-31,0.005689631463146315,0,0.7471014621813794,0.9849234875561792,0.07429180418041804,0.30163697399065703
601899,1939,2017-01-03,2024-12-31,0.00533457968024755,0,0.03515149811465983,0.44994331507317264,0.013779654461062402,0.21924212643108013
603369,1943,2017-01-03,2024-12-31,0.005323597529593413,0,-0.08314714082564989,0.4078614733610486,0.0032327586206896556,0.22477820853273262
601377,1932,2017-01-03,2024-12-31,0.005353907867494824,0,-0.09216459945595173,0.4884553983800709,0.009155020703933748,0.23703411807697766
601878,1829,2017-06-26,2024-12-31,0.005655412793876435,0,-0.08896467727060603,0.5147010370959546,0.009533898305084746,0.24022766445696736
000001,1943,2017-01-03,2024-12-31,0.005323597529593413,0,0.6110893414135321,0.8066283765875539,0.03789243437982501,0.2825991990212189
600426,1943,2017-01-03,2024-12-31,0.005323597529593413,0,-0.05136045153569248,0.41479253065739363,0.001946088522902728,0.22373742609597216
002236,1941,2017-01-03,2024-12-31,0.0053290829469345696,0,0.17847053467268575,0.6368773817793112,0.006987377640391551,0.30371825786605006
601018,1943,2017-01-03,2024-12-31,0.005323597529593413,0,-0.212907215738286,0.2739727408636129,0.0016405043746783327,0.13329759572608996
600905,865,2021-06-10,2024-12-31,0.011958092485549132,0,-0.0026392480739266186,0.6337810120650704,0.018460982658959537,0.20080889633598814
600111,1943,2017-01-03,2024-12-31,0.005323597529593413,0,0.0845028469712119,0.7140171508616181,0.014555455481214617,0.2690760763333909
300394,1931,2017-01-03,2024-12-31,0.00535668047643708,0,0.006438369450344709,0.6907838811082543,0.017024857586742617,0.31692816143026803
601288,1943,2017-01-03,2024-12-31,0.005323597529593413,0,-0.009025661520924627,0.28813233152847517,0.021423057128152338,0.1252982040004352
300476,1938,2017-01-03,2024-12-31,0.005337332301341589,0,-0.06775952403895952,0.522642199919064,0.009336300309597523,0.27625580399998834
002600,1826,2017-01-03,2024-12-31,0.005664704271631982,0,-0.06640280483911273,0.6161938473684505,0.017764238773274918,0.2860045106285126
688008,1323,2019-07-22,2024-12-31,0.007818405139833711,0,-0.038437842279099486,0.6076524789494507,0.011739417989417989,0.2859221284276835
601127,1928,2017-01-03,2024-12-31,0.005365015560165975,0,-0.027248485622003257,0.6521548560553053,0.023777878630705396,0.28416668257876126
600845,1941,2017-01-03,2024-12-31,0.0053290829469345696,0,-0.03795813567408833,0.452142524682414,0.003928387429160227,0.22888517005236608
600989,1369,2019-05-16,2024-12-31,0.0075556975894813735,0,-0.1211792862217271,0.403604707662722,0.00381208911614317,0.20896681419768054
002352,1940,2017-01-03,2024-12-31,0.005331829896907217,0,-0.16659023803768344,0.4209616663409397,0.0027545103092783503,0.19573057456865162
001965,1704,2017-12-25,2024-12-31,0.006070275821596244,0,-0.2572329660276039,0.29410735080508743,0.0016688673708920188,0.15498252337133317
600415,1943,2017-01-03,2024-12-31,0.005323597529593413,0,-0.0579671219172568,0.5036416634344547,0.006931935151827072,0.19626811326395233
601211,1926,2017-01-03,2024-12-31,0.005370586708203531,0,-0.17516812583802072,0.29656286664135545,0.0016874350986500518,0.1486396748561068
600023,1943,2017-01-03,2024-12-31,0.005323597529593413,0,-0.2066853101687873,0.24247642255573787,0.0006433350488934636,0.12370094094560422
300413,1776,2017-01-03,2024-12-31,0.005824183558558559,0,-0.10294732608076411,0.4745906750246092,0.007249436936936937,0.26851947824074496
000617,1942,2017-01-03,2024-12-31,0.005326338825952626,0,-0.21845192593985524,0.46076383771965806,0.007627445932028836,0.19413150695694073
300502,1943,2017-01-03,2024-12-31,0.005323597529593413,0,0.09132828184109357,0.8112144205184318,0.025186567164179104,0.3498755055633592
600196,1943,2017-01-03,2024-12-31,0.005323597529593413,0,0.070316396000983,0.6076878267878121,0.007961271230056613,0.2554784302819718
300628,1895,2017-03-17,2024-12-31,0.00545844327176781,0,0.1157551619038914,0.6235541141251026,0.005013192612137203,0.27416501822949196
600570,1941,2017-01-03,2024-12-31,0.0053290829469345696,0,0.29672686856015174,0.772753729996232,0.012091061308603813,0.3125644333150568
601988,1943,2017-01-03,2024-12-31,0.005323597529593413,0,-0.11901395859173733,0.23491724089050814,0.0031040916109109622,0.10385642368585415
688521,1061,2020-08-18,2024-12-31,0.009749057492931196,0,-0.06417572852036826,0.6803749165083095,0.016994580584354383,0.30751481964362
600372,1920,2017-01-03,2024-12-31,0.005387369791666667,0,-0.16401501968466067,0.35830272830693044,0.002685546875,0.19281118681491444
688009,1323,2019-07-22,2024-12-31,0.007818405139833711,0,-0.16838365293718952,0.4473540093486547,0.003991874527588813,0.1688826804018172
600999,1937,2017-01-03,2024-12-31,0.005340087764584409,0,-0.17126162949171075,0.3317640884906807,0.002742643262777491,0.15980241582322505
601618,1943,2017-01-03,2024-12-31,0.005323597529593413,0,-0.13753722727290224,0.38233270483157933,0.00524318064848173,0.16847388803432897
002837,1867,2017-01-03,2024-12-31,0.005540305302624532,0,-0.04524348754457408,0.648736018241525,0.02232860203535083,0.32078566190125113
002709,1943,2017-01-03,2024-12-31,0.005323597529593413,0,0.003625070187225611,0.7220372966300427,0.012947117858980957,0.3065248958482358
601006,1943,2017-01-03,2024-12-31,0.005323597529593413,0,-0.20463145370286803,0.19270422675452456,0.00045033453422542463,0.09132953279098058
600674,1943,2017-01-03,2024-12-31,0.005323597529593413,0,-0.09281568978418923,0.27597803404669563,0.0005629181677817808,0.13939080830315576
601872,1843,2017-01-03,2024-12-31,0.0056124525230602275,0,-0.12415668047877881,0.3968880598428135,0.003459034183396636,0.20797847412433168
601360,1821,2017-01-03,2024-12-31,0.005680258099945085,0,-0.07381527732559526,0.666416904871311,0.017641405820977486,0.24119426228404706
601012,1937,2017-01-03,2024-12-31,0.005340087764584409,0,0.21216191753177926,0.8095363630967284,0.01626226122870418,0.3094479699534354
300442,1933,2017-01-03,2024-12-31,0.0053511381272633215,0,-0.1432839842923352,0.49466782407138105,0.008988618727366789,0.23721338989546864
002463,1943,2017-01-03,2024-12-31,0.005323597529593413,0,-0.09568502643838303,0.5024804981951996,0.008492022645393721,0.2622362066811073
601111,1942,2017-01-03,2024-12-31,0.005326338825952626,0,-0.1341777425538604,0.33749327491675823,0.001512615859938208,0.19334154012533006
601816,1202,2020-01-16,2024-12-31,0.00860544925124792,0,-0.14060911478570415,0.35544186699551605,0.002833818635607321,0.16161413635706084
300498,1943,2017-01-03,2024-12-31,0.005323597529593413,0,-0.18310356989954577,0.3372196190463871,0.00146358723623263,0.18156263472638398
600519,1943,2017-01-03,2024-12-31,0.005323597529593413,0,3.0664479074595157,2.56060129997849,0.39553847143592386,0.5343543187242386
000651,1936,2017-01-03,2024-12-31,0.005342846074380165,0,2.9592282757601156,1.6777928240861644,0.4172585227272727,0.4670833193231536
600233,1943,2017-01-03,2024-12-31,0.005323597529593413,0,-0.16267683591020643,0.3669157738704143,0.002846757591353577,0.19140860383161779
688082,758,2021-11-18,2024-12-31,0.013646108179419523,0,-0.04129586618335975,0.5423370769631977,0.01212071240105541,0.29221837064551864
600482,1922,2017-01-03,2024-12-31,0.005381763787721124,0,-0.16346039105180446,0.35128892042912446,0.0028290842872008325,0.18622347582059398
002050,1905,2017-01-03,2024-12-31,0.005429790026246719,0,-0.09104777739856995,0.4652937599009455,0.0036581364829396325,0.2507084470469186
601728,815,2021-08-20,2024-12-31,0.012691717791411043,0,-0.030854619458719486,0.5012046211849877,0.010161042944785276,0.18937505272397978
601668,1943,2017-01-03,2024-12-31,0.005323597529593413,0,-0.041261515694649746,0.34565772533214195,0.011531780751415336,0.1710996528036898
600029,1940,2017-01-03,2024-12-31,0.005331829896907217,0,-0.13836694008881717,0.3349113754431261,0.001320876288659794,0.18607942163775965
002027,1943,2017-01-03,2024-12-31,0.005323597529593413,0,-0.10416515254050017,0.4158448290454347,0.0027020072053525477,0.2326460826606268
603260,1744,2017-10-30,2024-12-31,0.005931049311926606,0,-0.07462651034420967,0.5830140602286409,0.012722190366972478,0.2527261720522998
300866,1057,2020-08-24,2024-12-31,0.009785950804162724,0,-0.11003020217706173,0.5461891709700907,0.007834673604541154,0.2607438590004933
603501,1693,2017-05-04,2024-12-31,0.0061097164796219735,0,0.04333109883674721,0.6539291365035638,0.01650177200236267,0.2999915474878405
601238,1943,2017-01-03,2024-12-31,0.005323597529593413,0,-0.17506312975924349,0.3397699403548826,0.002187339166237777,0.17748094082865545
688396,1178,2020-02-27,2024-12-31,0.008780772495755517,0,-0.06812632540767928,0.5709468931476339,0.010478565365025467,0.25164661222085494
601100,1943,2017-01-03,2024-12-31,0.005323597529593413,0,-0.05110335905396173,0.45128576425067524,0.003281008749356665,0.24401158713952714
601601,1943,2017-01-03,2024-12-31,0.005323597529593413,0,-0.14256828469823868,0.2985089838613734,0.0006272516726711271,0.17194281021695995
600547,1913,2017-01-03,2024-12-31,0.005407083115525352,0,-0.005866693933538249,0.4287370531491111,0.0018785938316779925,0.21107772221038118
