code,start_date,end_date,n_days,missing_ratio,price_min,price_max,price_mean,price_std,daily_vol,annual_vol,skewness,kurtosis,max_drawdown,sharpe_ratio,annual_return,total_return,turnover_mean,volume_mean
000001,2017-01-03,2026-06-26,2300,0.0,1096.74,3256.73,1796.0522739130436,420.4569696080162,0.01736288504907639,0.27562725529474585,0.4646464740429246,3.7499720382770914,-0.5937550856226955,0.288664428086072,0.04103723208117471,0.463878684322939,0.578795652173913,1081763.0908695653
000002,2017-01-03,2026-06-26,2295,0.0,1556.7,5786.67,3341.523677559913,941.1210544804438,0.016720617661466413,0.2654315765978071,0.7386410267737479,4.369361340765765,-0.7309851780039294,-0.13942916686817133,-0.06681268602596857,-0.4806817804627078,1.0055076252723312,977066.2701525055
000063,2017-01-03,2026-06-26,2251,0.0,170.95,749.14,422.7064860062195,101.47579592111676,0.027216390138503084,0.4320467993483396,0.2962450770868666,2.512095659845389,-0.681538748137109,0.4276680776186733,0.09041482006285029,1.2709530811388854,2.531123944913372,946499.6112838738
000100,2017-01-03,2026-06-26,2224,0.0,5.75,21.99,11.294437949640288,3.089382547413509,0.020722615601400353,0.3289613243765552,0.44246999824384875,3.417222746576069,-0.5784447476125505,0.3835725453878888,0.0697003598386392,0.8935611038107751,1.9649100719424462,2856373.681205036
000157,2017-01-03,2026-06-26,2300,0.0,173.33,643.14,325.4582913043478,88.32511209560204,0.015068578276107154,0.23920626437933948,0.5017194338835811,5.594676254868038,-0.5506888080355753,0.420040474720696,0.0717773240192161,0.9286875059745721,0.8314043478260869,558909.6786956522
000166,2017-01-26,2026-06-26,2283,0.0,5.6,9.51,7.204270696452036,0.7193711529530225,0.015165243597035782,0.24074077877682787,0.5928798012775996,9.23612843694912,-0.3756967670011134,0.02095894236694338,-0.022622828304568077,-0.19377162629757783,0.3571178274200613,720206.7713534823
000301,2017-01-03,2026-06-26,2129,0.0,9.29,68.11,19.737289807421327,9.713757008346152,0.024241002454889745,0.38481398415926704,0.42490232602615113,3.8153129124495364,-0.7890177653795325,0.42240283482834357,0.08249058881597793,1.1193016488845782,0.9552841709722876,227518.01690934712
000333,2017-01-03,2026-06-26,2260,0.0,113.25,428.3,263.78636283185836,67.352191170504,0.01707311912693507,0.27102736388430243,0.12862314380154422,2.079080648018218,-0.5570861545645573,0.6092147945285424,0.1291797686716829,2.16203941730934,0.46998672566371685,315478.3646017699
000338,2017-01-03,2026-06-26,2300,0.0,85.3,611.0,242.2296391304348,88.39202109967049,0.01963714706150167,0.3117300455012173,0.43622585125308877,2.6931214885753594,-0.5714116363981226,0.7752117897610462,0.20453926858779914,4.8322391559202815,1.4838304347826088,663657.962173913
000408,2017-01-03,2026-06-26,2262,0.0,21.78,781.41,202.15727674624227,158.43131852263684,0.02907644444589924,0.4615742460830079,0.18044703256207026,2.283487206447154,-0.8613974799541808,0.6312583385717279,0.19156924851781842,4.263609280491107,1.7296374889478336,117099.78028293546
000425,2017-01-03,2026-06-26,2277,0.0,114.06,486.34,226.5871848924023,81.637276112024,0.020914285060460187,0.3320039827121467,0.5797449884765518,3.690430718355399,-0.4222237115474837,0.5015810550830696,0.11246923577389856,1.7454362753307655,1.1608563899868247,838319.8462889767
000538,2017-01-03,2026-06-26,2247,0.0,1331.91,3075.25,1783.5684334668447,232.3620581617101,0.015941378106343912,0.2530615321502146,0.6839028872731608,5.770618895781903,-0.5192878627753845,0.21493759786194747,0.021477275346148295,0.22306206494405778,0.6777258566978193,67458.15220293724
000568,2017-01-03,2026-06-26,2300,0.0,776.04,6143.58,2884.5835260869567,1356.6799100122798,0.022252367763893992,0.3532453871136838,0.2692582167022242,2.2156007158970086,-0.6601981255229037,0.47970480644084207,0.10881488567527642,1.6611597639170395,0.7606652173913043,110555.97782608695
000596,2017-01-03,2026-06-26,2300,0.0,94.25,627.69,349.2529739130435,154.70426280823327,0.025011766540064456,0.397049484692502,0.4935073215146843,2.367457050866822,-0.6700759929264444,0.4097808302732205,0.08473448722356625,1.1612970061120893,0.6797086956521738,26739.406086956522
000617,2017-01-03,2026-06-26,2299,0.0,26.84,84.02,42.79696389734667,10.428442090845838,0.022683312023846092,0.36008641515826795,0.6092889456356033,4.302852290246344,-0.6805522494644126,0.017340523063732266,-0.05435900002271188,-0.41117044306537753,0.9268551544149631,651836.8856024358
000625,2017-01-03,2026-06-26,2300,0.0,35.91,186.12,93.08091304347826,34.23027261920801,0.023345225641480036,0.37059396808826706,0.5484449964739375,3.298559965440865,-0.5932731571029444,0.19787191553286762,0.005008236668700539,0.0484764542936289,1.6686173913043478,1035195.81
000630,2017-01-03,2026-06-26,2290,0.0,60.93,332.92,111.00255458515284,41.97841908967672,0.02344848133491326,0.3722331014059221,0.36575679261411287,4.177851238143786,-0.5184483877948494,0.4192235876095254,0.08707624673430026,1.2059161401493395,1.6588340611353714,1740030.8497816594
000651,2017-01-03,2026-06-26,2293,0.0,3736.91,10496.21,7486.5928739642395,1282.3941429980175,0.014473839469745642,0.22976507851930772,0.49747729235688826,4.455583235687749,-0.4413669314924154,0.4652693967714692,0.08046002019743592,1.0819295323510567,0.8381378107283035,487292.51809856086
000657,2017-01-03,2026-06-26,2285,0.0,21.7,719.41,70.00101969365427,79.64024195237589,0.03201664230403978,0.5082484401107957,0.4745285575112339,1.7646697941024847,-0.6138429954052202,0.8141450712785451,0.31433757893065417,12.33003832963486,2.500800875273523,234777.0433260394
000708,2017-01-03,2026-06-26,2294,0.0,17.84,114.47,51.29670444638186,20.190929542701824,0.019501614367748003,0.309578530688072,0.3016767535439939,3.66218771137859,-0.5964881628374243,0.44933579028322174,0.09168082747932549,1.2960604854755275,0.6507715780296425,83695.6320836966
000725,2017-01-03,2026-06-26,2300,0.0,8.82,27.57,15.217908695652175,2.8925690850220143,0.02086701377195231,0.3312535742708742,0.3712858120948183,3.888954343674694,-0.598543468365954,0.49037275641648403,0.10938278389307343,1.6741028128031035,1.7757826086956523,6131254.583478261
000768,2017-01-03,2026-06-26,2300,0.0,89.62,277.94,162.01112608695652,39.08541507839112,0.02352485845195157,0.3734455505511587,0.26561406190334635,3.134244976311484,-0.528495358710512,0.16939846829745528,-0.005989388401229201,-0.05533442088091345,0.963291304347826,266763.86782608693
000776,2017-01-03,2026-06-26,2300,0.0,66.55,142.17,95.76721739130436,14.879305078310699,0.01605648699348955,0.2548888290846991,0.685687775803592,5.750088244783707,-0.4487342667232352,0.2844667813421308,0.039510167166431076,0.4436573670444637,0.8767260869565218,518761.6004347826
000792,2017-01-03,2026-06-26,1981,0.0,60.93,311.08,141.5026855123675,56.668359569690516,0.05281726373478482,0.8384480686389072,34.283886217288384,1397.5607617115306,-0.6354314002828854,0.3203178274523426,0.0726662653433523,0.9438988907074013,1.1369156991418476,492594.227158001
000807,2017-01-03,2026-06-26,2273,0.0,17.29,141.8,46.959766827980644,24.824317565549606,0.027267576007650556,0.432859349830769,0.09907999223932579,1.7443379751343149,-0.7228722551690973,0.5133734819106447,0.13021036635389804,2.189492119089317,2.4892476902771663,669126.5745710515
000858,2017-01-03,2026-06-26,2300,0.0,599.76,5538.97,2414.2336478260872,1039.0900186059248,0.020637062947051497,0.3276032180921039,0.22247699149170322,2.710538855134736,-0.7025909149173946,0.501445317796413,0.11252178308791305,1.7466653327997865,0.6245304347826087,239517.8456521739
000895,2017-01-03,2026-06-26,2285,0.0,294.79,845.98,465.436726477024,90.40381326838484,0.013325281692863804,0.2115322890551964,0.22746112044935468,4.906074718864299,-0.5098583890872126,0.3458107099925633,0.04980892745673726,0.5850192440540807,0.6830065645514223,134193.8783369803
000938,2017-01-03,2026-06-26,2265,0.0,66.97,165.32,105.90346578366444,18.320180143302032,0.027495101230505786,0.43647120077078594,0.25625181490621907,1.7510894189198436,-0.5934312773190875,0.27513198129911604,0.024194828088500486,0.2542445274959957,1.9561810154525385,402131.00662251655
000963,2017-01-03,2026-06-26,2300,0.0,188.4,568.26,374.9473652173913,83.20730848967146,0.023029141077464538,0.36557628119035934,0.26799485770137577,2.717675756771878,-0.5884935456392114,0.30572562449816454,0.04445868409267817,0.5101079399926822,0.9806739130434783,158666.3452173913
000975,2017-01-03,2026-06-26,2280,0.0,45.59,343.67,113.70700000000001,52.29615600165431,0.024867278737833957,0.39475581193939685,0.28216899747190044,1.867821450727058,-0.5102278348415626,0.44110623868663007,0.09651878535106384,1.3943100995732576,1.5426228070175438,291255.11535087717
000977,2017-01-03,2026-06-26,2288,0.0,67.24,436.21,177.7639117132867,84.64304539816852,0.034062345661096685,0.540722974144691,0.34645240976043457,1.711840943845556,-0.6287002313891324,0.559286754457496,0.1624997094621119,3.1652700186219738,3.8211232517482516,538677.041958042
000988,2017-01-03,2026-06-26,2300,0.0,73.44,1275.48,218.47787826086957,179.07702154767918,0.02823247241409426,0.4481766054251087,0.29216724999453425,1.8084160193723653,-0.5268123573810777,0.7950808543583359,0.2799229299022188,9.366732389317082,3.200278260869565,318030.8991304348
000999,2017-01-03,2026-06-26,2300,0.0,32.26,97.66,56.34697826086956,19.104458842700268,0.01894467663949684,0.30073741833986095,0.4830250973350097,4.234660419808806,-0.352211434735708,0.3585269737165068,0.062383001619831235,0.7743201569946734,0.6944173913043479,75773.28739130434
001280,2025-12-03,2026-06-26,135,0.0,60.89,100.65,78.71251851851852,10.035034206228541,0.03514976641607889,0.5579852434737291,0.15269336313598336,0.17698003122786954,-0.33462493790362624,0.23684683940177712,-0.020608192665988456,-0.011619355787615748,14.192740740740739,225663.92592592593
001391,2024-12-30,2026-06-26,359,0.0,4.22,9.3,6.445348189415042,0.7637296961730276,0.0194367634033897,0.3085490535442233,-0.11166129781883426,13.95484842437236,-0.5418023887079263,-1.64583238184856,-0.4122864533548175,-0.5462365591397851,5.4922005571030645,492254.7353760446
001965,2017-12-25,2026-06-26,2061,0.0,7.11,16.17,10.23235807860262,2.40964860062906,0.015829501232759433,0.25128554184043095,0.20112980104402792,7.791254804832457,-0.5328515111695141,0.15436832561218553,0.007010651775233967,0.061188811188811254,0.5963318777292577,107861.93304221252
001979,2017-01-03,2026-06-26,2284,0.0,11.46,28.14,17.591046409807355,3.1528943796730453,0.018001943565491937,0.2857719947406664,0.2850534600750389,2.825519795696617,-0.5927505330490395,-0.007797846814107333,-0.04022543412323476,-0.32229450029568296,0.7905253940455341,405734.93213660247
002001,2017-01-03,2026-06-26,2300,0.0,177.72,960.84,469.9496913043478,152.78696453447068,0.01929592797521667,0.3063133604318245,0.3061378478573159,3.025837008913393,-0.44711247038077945,0.6348452090284543,0.15280742582984086,2.847589035614246,1.0085782608695653,224834.39347826087
002027,2017-01-03,2026-06-26,2300,0.0,40.12,122.13,75.09368695652174,14.93415057172956,0.02209419667064177,0.35073449884961627,0.37018873683937936,2.299143317028034,-0.6595383570943655,0.11431074549133102,-0.02012404201525042,-0.1752164362320714,0.9612826086956521,1184194.63
002028,2017-01-03,2026-06-26,2300,0.0,144.16,3055.58,619.2834826086956,580.8160754740709,0.024822513069840048,0.3940451789906835,0.36763673160824933,2.2356099522250314,-0.5436555043896839,0.8837578295059971,0.29806409636228093,10.845690764085413,1.8124173913043475,107151.61391304347
002049,2017-01-03,2026-06-26,2174,0.0,73.52,728.93,312.7832704691813,171.28483271578764,0.030394133251697913,0.48249190739610975,0.35846458573455897,1.6667408778274342,-0.7312361955194605,0.544863762068766,0.1433903944459145,2.5598695909899227,2.8736660533578657,197676.6862925483
002050,2017-01-03,2026-06-26,2262,0.0,55.31,537.41,197.8575685234306,99.64956312661619,0.0270129621060323,0.4288174794466384,0.44126865493994055,1.3073567037814668,-0.4895113182949474,0.6928207938888801,0.21516987302804536,5.338622607557664,1.4310610079575594,461249.28824049514
002074,2017-01-03,2026-06-26,2287,0.0,37.98,305.73,118.93412767818101,52.79590058151212,0.0326657582457642,0.5185528362338976,0.3937349737684885,2.221695351312822,-0.7758479704314266,0.26066318943653555,0.0015973535104956138,0.015238915195867397,2.559291648447748,303308.1810231745
002142,2017-01-03,2026-06-26,2294,0.0,22.54,73.87,47.34607672188317,13.023011149605384,0.018014172875232288,0.2859661290143401,0.5598022129430197,2.4296629103948346,-0.49749560037904533,0.5081974850843077,0.10576877968546139,1.5926870748299318,0.48653879686137746,279425.95597210113
002179,2017-01-03,2026-06-26,2300,0.0,159.6,774.43,442.55755217391305,173.9766529342683,0.02145633576892512,0.3406087709476543,0.278243782582841,2.0917830866263154,-0.4499180042095483,0.5857641474043431,0.14618126523654884,2.6430626504609243,0.8207608695652174,115316.44391304348
002202,2017-01-03,2026-06-26,2294,0.0,55.49,255.37,93.76439407149084,28.581511583681046,0.023868552580413625,0.3789015256970608,0.5264505737659037,2.993904035115114,-0.6304608417687816,0.39218142860866995,0.07712233759069131,1.0217796412764968,1.7200217959895379,568245.4891020053
002230,2017-01-03,2026-06-26,2300,0.0,231.12,1055.34,549.0040608695653,141.52289951277663,0.02710400526016879,0.43026274471315884,0.44712140941808404,2.4732679127393427,-0.5812913373888983,0.41129736084012414,0.08535530111396783,1.1730464515052956,2.365195652173913,436962.10739130434
002236,2017-01-03,2026-06-26,2298,0.0,466.87,1229.27,800.0927763272409,152.9042671785637,0.025189354965550966,0.39986861354986697,0.36849066023699845,2.189079800588072,-0.6202054878098382,0.2897270036844194,0.03558609311503358,0.3928360241546758,2.2997432550043513,442570.9712793734
002241,2017-01-03,2026-06-26,2300,0.0,152.78,1257.62,526.9904478260869,235.8138753651254,0.02885961685498767,0.4581322147854323,0.26261224586251053,1.6302200592049632,-0.7330433676309224,0.3605078668368985,0.0601566666377642,0.7393981758870911,2.522208695652174,736098.4782608695
002304,2017-01-03,2026-06-26,2300,0.0,253.04,947.75,468.4787565217392,131.2070542558264,0.01969328152431213,0.31262115247267735,0.3097668742089656,3.27615230096763,-0.7283038776048542,0.1479165784306527,-0.002355916788286061,-0.022102384930882568,0.4783260869565218,63746.24391304348
002311,2017-01-03,2026-06-26,2300,0.0,93.2,541.65,292.93944782608696,113.01352837910011,0.019554593074904262,0.3104195415915751,0.4941385821187471,1.8231491867746188,-0.5686513431182499,0.5568775915951428,0.1278661848069298,2.1273550911150005,0.4057217391304348,65507.51913043478
002352,2017-01-03,2026-06-26,2297,0.0,90.38,356.96,154.9364214192425,40.68571967788386,0.019451076429286444,0.308776265786413,0.7402083848420147,4.265640551947511,-0.6935230838189143,0.09464210906191721,-0.017181967625179206,-0.15144988847011764,0.8576621680452763,157037.41880713974
002353,2017-01-03,2026-06-26,2300,0.0,103.2,1386.11,282.50748695652175,176.91230149192907,0.027577038051989647,0.4377719074879783,0.16248300221180095,1.647940827467778,-0.5730822965870532,0.7354495153044718,0.24347544677095256,6.884134057749832,1.694995652173913,111535.00260869565
002371,2017-01-03,2026-06-26,2300,0.0,105.62,5152.88,1118.3112782608698,866.6152631564537,0.03261641114960385,0.5177694753677167,0.3455297178699945,1.210818007713888,-0.5340370763962692,1.0433208386718387,0.47959802008451646,39.947870311506676,2.0082391304347826,85919.67260869565
002384,2017-01-03,2026-06-26,2230,0.0,69.1,1992.47,219.20704484304932,236.37753085148046,0.03384180718788363,0.5372220344168291,0.3482254122966439,1.0270181478604656,-0.6610379071834308,0.8980996396348928,0.37240601886685876,19.079099060631936,3.166587443946188,408108.7591928251
002415,2017-01-03,2026-06-26,2298,0.0,303.1,1296.94,708.4333159268931,169.34545040660024,0.020332378856042506,0.32276650809261853,0.17354155878473884,2.589575213891367,-0.5648680740820713,0.465277586103874,0.09905668239686194,1.4473390642430606,0.5231723237597912,437658.30374238465
002422,2017-01-03,2026-06-26,2300,0.0,93.7,271.17,166.9804608695652,41.461014649423,0.021020687996076693,0.3336930769505977,0.4387755253581865,2.534674996390251,-0.5457075084390115,0.45012513962222667,0.09561765469292305,1.3757298559750875,1.194982608695652,136467.13782608695
002460,2017-01-03,2026-06-26,2299,0.0,155.22,1993.08,641.0448194867333,371.3212413578719,0.03212151374160717,0.5099132225714186,0.32903996777791705,1.4365046551258138,-0.8206996206875788,0.6080861884446317,0.19012907662547063,4.203634784766158,3.8133405828621143,336423.6998695085
002463,2017-01-03,2026-06-26,2300,0.0,9.81,419.55,64.43082608695653,61.67483548051578,0.030952568389896778,0.4913567903903148,0.4747221852985095,1.3376883078317459,-0.6292682926829269,1.0150674677641338,0.4403760556287155,30.744630071599044,2.642721739130435,478210.8834782609
002466,2017-01-03,2026-06-26,2275,0.0,110.21,1238.89,416.6854549450549,230.22104446032486,0.03563306120872432,0.5656573104613631,0.39218652983251967,1.3319659442582754,-0.8166019582045211,0.48132834819269116,0.11425618544482541,1.7875094380325751,3.22250989010989,447474.0136263736
002475,2017-01-03,2026-06-26,2299,0.0,195.47,2661.45,1033.6481905176163,533.3269036813829,0.028147166038208413,0.4468224086900558,0.2442627806513036,1.0642552660807838,-0.589312168273995,0.8237785758349573,0.2949975389640014,10.583158540952574,1.1090517616354938,700111.1252718574
002493,2017-01-03,2026-06-26,2300,0.0,55.04,402.48,151.60098695652175,60.47744005831257,0.022016702976160905,0.3495043245869843,0.4006138988644084,3.3026985497443286,-0.7105943152454783,0.4754177071537056,0.10680667283915546,1.6158385093167702,0.35169999999999996,266179.0956521739
002532,2017-01-03,2026-06-26,2217,0.0,31.96,146.35,58.52644564727108,19.866091802770626,0.025703487871219694,0.40803022040527387,0.314367546168585,2.719653689479768,-0.5335411615286917,0.30482876798200104,0.039279917095299544,0.4406301824212273,2.5882318448353634,343870.5967523681
002558,2017-01-03,2026-06-26,2265,0.0,33.65,297.6,87.51005298013244,50.99298938162902,0.0247609322001259,0.39306761298998727,0.6025051654200102,2.7274044182611497,-0.8869287634408604,0.035515218070100996,-0.05763764998332577,-0.4302336903602727,1.5313995584988962,240092.7306843267
002594,2017-01-03,2026-06-26,2300,0.0,37.89,410.49,183.67387826086957,111.45260764296094,0.025482774277687484,0.40452650072852814,0.46026326840242815,2.5015624230922713,-0.5223459749048358,0.6291104285532672,0.1815051574954636,3.8571144278606964,1.436286956521739,195290.04739130434
002600,2017-01-03,2026-06-26,2183,0.0,10.42,75.68,33.46728355474118,13.274726967930027,0.031821703059699995,0.5051538755430561,0.4959291376494974,1.782749110023584,-0.7604597701149428,0.5149550254254478,0.13001547475560682,2.184284377923293,3.75927622537792,1156398.8369216674
002602,2017-01-09,2026-06-26,2194,0.0,29.9,204.46,81.72733819507748,35.90950751646793,0.025835432080725217,0.4101247697969936,0.24925129830221676,1.6864958693255998,-0.7773806864715951,0.20651539047282422,0.000834487834353137,0.00792156862745097,1.4848632634457613,809789.6080218778
002625,2017-01-03,2026-06-26,2137,0.0,45.07,377.15,136.84816565278427,77.78761085201361,0.031048127927156353,0.4928737510162503,0.5130453621801147,2.2805146843196735,-0.7061163275952007,0.3200699027538214,0.03405379776591566,0.37342958284167427,1.839578848853533,240713.72812353767
002648,2017-01-03,2026-06-26,2298,0.0,39.72,352.09,147.31179721496954,78.41418096572083,0.026292335889524898,0.41737789290396654,0.30771829404979517,1.9661610380549321,-0.5101134681795755,0.670707966238947,0.20427634755876833,4.820187426786412,1.1447650130548304,215282.52045256746
002709,2017-01-03,2026-06-26,2300,0.0,47.18,1124.17,342.1898869565217,256.2438303845881,0.03231488034509273,0.5129828222395467,0.47827329408182806,1.329436683806236,-0.8269478815481647,0.6582855626758518,0.22096038204051305,5.630682352941176,2.985995652173913,263841.00434782606
002714,2017-01-03,2026-06-26,2300,0.0,92.6,1564.1,689.1843347826087,326.7323714891075,0.025034958457873825,0.3974176449742034,0.5327613937008175,2.6640851014359823,-0.6241864330925134,0.7369855555128473,0.22942392060937022,6.079232074671191,1.0372782608695652,250260.81826086956
002736,2017-01-03,2026-06-26,2290,0.0,7.93,18.63,13.017410480349344,1.876288425142671,0.016395091517663832,0.2602640092672982,0.714332872181952,6.911620195045073,-0.5231509320505112,0.04424977269753952,-0.02097555513362004,-0.1819830713422007,0.28557205240174677,219162.80131004367
002837,2017-01-03,2026-06-26,2224,0.0,29.83,1283.47,202.67495503597127,257.8628965697632,0.037957761252331225,0.6025607795905924,0.3405978593117676,0.7513181699930112,-0.6317738550796195,0.9751603059253002,0.4611738327111754,35.36352040816326,5.019869604316546,145288.21133093524
002916,2017-12-13,2026-06-26,2067,0.0,27.79,1015.62,201.24710691823898,141.2928712297895,0.032063377562747006,0.5089903393427813,0.42700449741404817,1.5513038481539398,-0.7253369026252547,1.102498018013545,0.5151495310044898,33.67254408060453,3.0881809385582972,60526.135462022256
002920,2017-12-26,2026-06-26,2060,0.0,16.99,198.76,90.16302427184466,43.917284385859446,0.031412674833870655,0.49866075375455376,0.33858919837167833,1.3932746219875498,-0.6459679099812459,0.5059240804606207,0.13177278070578669,1.8632653061224493,2.1281407766990292,54837.014077669905
002938,2018-09-18,2026-06-26,1881,0.0,16.72,125.11,38.61487506645401,14.9129055489725,0.029881933278930236,0.4743609848992458,0.4703920008822736,1.5714653993189147,-0.6727941176470595,0.6911065474863175,0.23080342386028518,4.020743301642178,2.079133439659756,169087.2009569378
003816,2019-08-26,2026-06-26,1655,0.0,2.68,5.63,3.6151480362537765,0.7341499451183264,0.014572028191120837,0.2313237761491688,0.5860245888566236,8.706843275054366,-0.4826254826254832,0.25797266685199327,0.032263541717092004,0.2423398328690809,0.9866163141993957,1133737.7806646526
300014,2017-01-03,2026-06-26,2300,0.0,105.21,2544.3,839.6407695652174,568.2570250663427,0.03386620216183122,0.5376092926226606,0.552358452879012,2.957170410404717,-0.7823920135204182,0.6983826599002958,0.2508508444739237,7.338550372283848,2.2261391304347824,298575.42391304346
300015,2017-01-03,2026-06-26,2287,0.0,216.93,2545.52,955.0892960209883,506.8038895671459,0.025035739781390284,0.39743004810051163,0.4692021566652052,6.226368780504811,-0.7915475030642062,0.44141316198259123,0.09724031571559344,1.4092807845986197,0.8013467424573678,399931.52470485354
300033,2017-01-03,2026-06-26,2300,0.0,252.28,3423.24,1165.4459304347824,747.6268145425904,0.032335876828017904,0.513316131072909,1.158526485422279,6.083465201495877,-0.5746273689890075,0.5960857497413926,0.18592697038413042,4.032120064520654,3.1289478260869563,86411.43739130435
300059,2017-01-03,2026-06-26,2300,0.0,274.64,2360.9,1101.2375652173912,568.4130831002814,0.028090299574694007,0.4459196815676627,0.8576208225219187,6.72142077480279,-0.6219500054517091,0.576745795138139,0.16553725071524972,3.269549193462237,3.0355826086956523,2478250.7413043478
300122,2017-01-03,2026-06-26,2300,0.0,57.23,907.71,286.68387826086956,187.59773612660837,0.029931459817228927,0.4751471943210633,0.5148557892854717,4.5235012057709705,-0.9046060966608275,0.2910009110555352,0.02565794324601889,0.2713257965056526,1.4557086956521739,157151.90608695653
300124,2017-01-03,2026-06-26,2289,0.0,291.34,1981.23,1036.0645915246832,513.0665480449355,0.024056008667248954,0.38187729882213045,0.6803495561941487,6.133625429576382,-0.5221704133996737,0.6366157556940496,0.1778775077660557,3.7176270187047535,0.8451114023591088,159618.001747488
300251,2017-01-03,2026-06-26,2300,0.0,163.27,854.91,275.27017391304344,92.87578707948092,0.029309202093293907,0.4652691591875364,0.9730789076365952,9.56408779835947,-0.6612508919067503,0.2716091442744903,0.019210547851384874,0.19758498056405593,1.4335478260869565,398119.9865217391
300274,2017-01-03,2026-06-26,2300,0.0,36.42,1888.15,507.17389130434793,424.3903929706594,0.03592006359559831,0.5702133321094662,0.5124677291538041,4.336725631672699,-0.7438278117746361,0.8618623608499624,0.37443097636725686,19.36159094208158,2.788204347826087,338761.73
300308,2017-01-03,2026-06-26,2295,0.0,66.73,8744.87,658.2711851851852,1216.3247842716826,0.03587466992442847,0.5694927299193964,0.6820746718380125,3.691749888507326,-0.6418951710749805,1.1719350218365574,0.6279300926196856,100.25051046452272,2.2968278867102394,166837.18300653595
300316,2017-01-03,2026-06-26,2300,0.0,77.66,729.1,305.5086086956522,178.67200104771314,0.03148050796560803,0.4997375713379204,0.7282618228469542,3.6606864284487814,-0.7232752708819089,0.6561668133861979,0.21786661887768144,5.4731767614338676,1.5890695652173914,186431.2304347826
300394,2017-01-03,2026-06-26,2288,0.0,41.31,4412.21,416.1663068181818,689.2281382310705,0.03915909433164202,0.6216313510082631,0.7926142609848658,3.382779142220886,-0.5370790832175488,0.9884661139432163,0.5018003017404242,46.1546342625685,2.992124125874126,120551.76005244756
300408,2017-01-03,2026-06-26,2290,0.0,62.6,666.79,131.1594672489083,63.368873160291294,0.02458971755854265,0.39034966481533323,0.9074091231850365,5.489468143394495,-0.5185036202735325,0.8437231177809658,0.2758347230994693,9.057182490752158,0.9013187772925766,149939.02751091702
300413,2017-01-03,2026-06-26,2133,0.0,20.17,156.8,57.121636193155176,26.901162860035978,0.029946798610519965,0.47539069011582274,0.49430779791019896,2.53511826859508,-0.8330357142857142,0.2625021356385963,0.011462275268901978,0.11404255319148926,1.7784060009376466,130007.46132208158
300418,2017-01-03,2026-06-26,2295,0.0,46.82,263.04,105.31274509803922,46.0575433679692,0.03612364025501145,0.573445011390733,0.9545188857708967,6.023332815939475,-0.6064857055961069,0.394606450485438,0.06442144018092044,0.8068433960060728,4.150100217864924,403501.95816993463
300433,2017-01-03,2026-06-26,2300,0.0,33.61,312.61,106.31089565217391,46.66348419832328,0.03074129473706623,0.4880029251264959,0.4118956729096015,3.6996172709092017,-0.773624301205631,0.5397299427958929,0.14994045350289764,2.75786808151453,1.4474739130434784,475635.2330434783
300442,2017-01-03,2026-06-26,2284,0.0,11.58,189.86,47.51730297723292,34.90578913706034,0.030268897536550654,0.48050385205085194,0.9514879851875038,8.122763778243046,-0.7386004514672688,0.506879511560793,0.13226725441572373,2.244920993227991,2.338721541155867,99861.52189141857
300450,2017-02-08,2026-06-26,2273,0.0,191.5,1685.7,667.4961372635283,343.77317048073866,0.03129615106159534,0.4968109962149481,0.802161853329762,3.97698739373091,-0.8288248205493266,0.5452447211137269,0.15437098668924532,2.8425675044380077,2.1914606247250332,227526.7567091949
300476,2017-01-03,2026-06-26,2295,0.0,48.6,1785.48,228.02360348583878,370.33681948010695,0.034689623109881454,0.5506806949398323,0.8977245782499844,3.9217825420911954,-0.5844094700026906,0.9158437770491356,0.4069831149257672,24.417991266375548,2.9941307189542483,220112.1394335512
300498,2017-01-03,2026-06-26,2300,0.0,27.58,68.13,40.528826086956514,7.402261637581538,0.018376775087685156,0.29172226068829266,0.22681647161667262,4.026553073729205,-0.5951856744459127,-0.0016964764561181458,-0.040517148410646686,-0.324243813015582,0.6602782608695652,319844.0413043478
300502,2017-01-03,2026-06-26,2300,0.0,37.49,9872.53,748.6965173913044,1505.5184480052176,0.04019787219283091,0.6381214383371353,0.5359919185108029,2.6647976099245687,-0.6860659855970529,1.0662226586844297,0.5860110725649668,78.07549451498662,4.839239130434783,204309.99130434782
300628,2017-03-17,2026-06-26,2252,0.0,127.68,1176.92,647.1386678507993,239.94272260471996,0.025295940348128362,0.40156060404403376,0.7486331314653285,3.362099860307314,-0.6077898242871231,0.6707527625692689,0.2003636885144615,4.441181077694235,1.648272646536412,43300.8823268206
300661,2017-06-06,2026-06-26,2190,0.0,42.94,1420.94,597.4698675799086,351.9422812055482,0.035355772447522985,0.5612554878404116,0.7223650657004443,3.4474061495664508,-0.6843920221824996,0.972800592696096,0.4547771837940835,28.78318584070797,2.440794520547945,47240.00273972603
300750,2018-06-11,2026-06-26,1951,0.0,36.2,865.43,362.1152383393131,202.1193565176523,0.028988696642420854,0.46018129288643206,0.6278134393678494,3.0006580711486865,-0.6265901829799593,1.0688825081822138,0.4512448505287223,18.978729281767954,1.480758585340851,195045.98718605842
300760,2018-10-16,2026-06-26,1867,0.0,70.27,500.99,280.68638993036956,83.73994799610405,0.022669893753026346,0.3598734067125866,0.3242617536715727,4.807958950819037,-0.6712908441286247,0.4988450491283948,0.11706034862165726,1.3435320905080408,1.0172897696839849,51876.584359935725
300803,2019-11-18,2026-06-26,1601,0.0,9.0,250.83,69.30469706433479,47.42436264251527,0.03994226834284252,0.6340638530098158,1.1365834456687642,4.057258248738794,-0.6449315833566047,0.9862113020549215,0.5114821119365769,14.301111111111112,5.516046221111805,146783.6083697689
300832,2020-05-12,2026-06-26,1486,0.0,45.2,196.75,118.66182368775236,25.33619158195072,0.027705514230789176,0.43981140359897486,0.628658234358032,4.334918890748158,-0.6791359593392633,0.4925298439441631,0.12341719135274776,1.038938053097345,1.617886944818304,35493.763795423954
300866,2020-08-24,2026-06-26,1414,0.0,51.6,200.18,113.54834512022632,39.125067050561796,0.030870990932533402,0.49006178840168,0.6962253312161086,5.489590142034016,-0.736586859972434,0.24634893489721038,0.0019852267400497503,0.01164374233964316,2.194476661951909,32213.680339462517
300896,2020-09-28,2026-06-26,1389,0.0,249.85,1479.5,710.6538948884089,268.1234060826429,0.031576808127975885,0.5012662890229633,0.7623424441417229,6.952844768379855,-0.8311253801960121,0.13581467274096337,-0.05229560342776696,-0.26536312849162014,2.663088552915767,25548.272858171345
300999,2020-10-15,2026-06-26,1382,0.0,24.06,145.0,45.6988494934877,20.79360285111336,0.024363205411489557,0.38675389595510656,1.132284619116384,9.761987660799273,-0.8340689655172414,-0.2080587914143987,-0.1378688419907591,-0.5703571428571429,3.1510419681620836,139745.73371924748
301165,2022-11-21,2026-06-26,871,0.0,26.35,147.55,67.45041331802527,34.10123430959893,0.040387876339418885,0.6411376606567925,0.6490996290987416,4.204191587198473,-0.6208633093525187,0.8676452558460939,0.40450753041950516,2.3909333333333334,8.12683122847302,73251.13203214695
301236,2022-03-15,2026-06-26,1038,0.0,38.45,172.13,89.6325626204239,32.44414713474962,0.0406827676063679,0.6458189143937036,1.0030780228534633,5.145824056947591,-0.5600999244756862,0.48574592612182155,0.1115215180606377,0.5726072607260726,6.122466281310212,307164.72639691713
301269,2022-07-29,2026-06-26,936,0.0,70.36,149.84,103.37144230769232,15.779703959894453,0.03349682953539122,0.5317456839586105,1.3209227375709278,7.024760255572268,-0.49014492753623196,0.47267158419857186,0.11393974220579772,0.5247999999999999,3.4865277777777774,58080.01282051282
301308,2022-08-05,2026-06-26,941,0.0,48.52,681.32,134.63063761955365,114.92115913824622,0.04196300493888887,0.6661420519996507,0.869970289766504,4.0039235755847375,-0.5243137254901961,1.1025590993449987,0.6418150872747606,5.882020202020202,8.647863974495218,88118.0850159405
302132,2017-01-03,2026-06-26,2290,0.0,41.94,612.09,170.3225327510917,145.0612969304756,0.03097938373780867,0.49178247084168214,1.4698954519196106,10.716379278873683,-0.5771751184595227,0.5347016130895399,0.14926374799522657,2.7369657641530543,1.8542445414847162,108452.45502183406
600000,2017-01-03,2026-06-26,2300,0.0,73.39,130.13,91.89503913043478,11.707362972008845,0.00922090203906462,0.14637728195432023,0.567817631489975,8.304348141840837,-0.3176831535886951,0.04045754125345892,-0.00456627944975907,-0.042440856939790716,0.15406521739130435,451269.03
600009,2017-01-03,2026-06-26,2289,0.0,67.46,214.67,125.65226299694191,35.87172110498671,0.01812392708648974,0.28770842310431566,0.2995115212239386,3.6132229650964938,-0.6857502212698572,0.14018757786373334,-0.0008831194276849308,-0.008336926836279956,0.889217999126256,113512.27304499781
600010,2017-01-03,2026-06-26,2291,0.0,8.53,27.44,14.175504146660847,3.402544378857088,0.020806472838374567,0.33029251674455584,0.8683457369020654,5.222239810598147,-0.6064139941690968,0.19463911218649554,0.009971640122755865,0.0985820391627279,1.503954604975993,4657709.164120471
600011,2017-01-03,2026-06-26,2300,0.0,16.17,29.49,22.478152173913042,2.986468005337906,0.013827261634775465,0.2195009735918418,0.46167171958387426,3.8816258622546504,-0.3256880733944946,0.1748338908138687,0.013948353729860363,0.14026095060577815,0.5136478260869566,562112.4926086956
600015,2017-01-03,2026-06-26,2300,0.0,18.16,29.3,22.490569565217392,2.7029009558529418,0.00805612596044331,0.12788703493166625,0.2658787346267001,7.505013461117579,-0.3521227256510878,0.05322996794935462,-0.0013059439450976429,-0.012306470821754734,0.2588260869565217,353217.9308695652
600016,2017-01-03,2026-06-26,2300,0.0,81.98,127.84,100.31069565217392,10.03170528218506,0.00722139807318885,0.11463614051915226,0.6414829270692382,9.704389683097698,-0.3587296620775972,-0.19975049096277014,-0.02795621923025371,-0.23561076604554865,0.3473652173913044,1202120.8039130436
600018,2017-01-03,2026-06-26,2297,0.0,64.17,116.83,85.27854592947322,8.603670939423878,0.013064519738455092,0.2073928213586807,0.6121520810600525,8.68961154392146,-0.45074039202259764,0.18719584899660308,0.0168943288595369,0.17204301075268824,0.15744884632128864,363648.93077927735
600019,2017-01-03,2026-06-26,2281,0.0,10.87,20.41,14.316212187637003,1.588216294168374,0.011769694505862816,0.18683810801829753,0.24946412516679076,3.739712663790267,-0.3893258426966291,0.2302107195051025,0.024738663115101645,0.26056945642795504,0.39824199912319164,875356.8544498027
600023,2017-01-03,2026-06-26,2300,0.0,5.97,12.43,8.009652173913043,1.3891843015993142,0.011478645190714693,0.18221784337547195,0.12012447467748578,6.105777085575769,-0.3329608938547484,0.20839537979912112,0.02080377867757699,0.2154420921544209,0.2773565217391304,374161.9586956522
600025,2017-12-15,2026-06-26,2067,0.0,2.37,13.47,7.210304789550073,2.9101639415154765,0.01737354466288407,0.2757964714179885,1.0686731210824905,8.688564571115641,-0.6127450980392156,0.6701553580125421,0.1520118415702083,2.3429487179487176,0.7086211901306241,390890.57232704404
600026,2017-01-03,2026-06-26,2295,0.0,6.52,29.8,12.435485838779957,4.786442302860164,0.022530143047830485,0.35765493304362167,0.47182729174217086,2.691511434814755,-0.41796874999999994,0.4685047053958762,0.10509708360643266,1.5778019586507077,1.1178344226579522,342071.9899782135
600027,2017-01-03,2026-06-26,2289,0.0,4.39,9.76,6.431725644386195,1.3601521092732367,0.015561247887291022,0.24702715199760789,0.6145655015489148,4.1456489435784825,-0.310832025117738,0.1984095184609115,0.018069693203467185,0.18494271685761055,0.7376496286588031,599274.4910441241
600028,2017-01-03,2026-06-26,2300,0.0,9.67,17.05,12.046121739130436,1.7285475786291278,0.00854799372533471,0.1356951936346572,0.2036711268980607,5.354398100958668,-0.26351865955826426,0.276694826466159,0.027672110196658384,0.29518072289156616,0.1543217391304348,1470550.3326086956
600029,2017-01-03,2026-06-26,2297,0.0,8.45,19.95,11.257039616891598,1.9995685150182072,0.018932953923064752,0.3005513259856443,0.21369328014377129,2.992268798052448,-0.5764411027568918,0.07582366773232263,-0.021191572127090885,-0.18369175627240153,0.686221158032216,616594.8210709621
600030,2017-01-03,2026-06-26,2283,0.0,55.91,134.5,85.20375821287779,17.271252514892698,0.016593636218725685,0.2634158086861342,0.7098249536765171,6.236974595923533,-0.38015361525558494,0.41405408026071994,0.07392034926222957,0.9655410062026188,1.1327201051248357,1201096.5803766972
600031,2017-01-03,2026-06-26,2300,0.0,274.13,1903.0,730.8783086956521,288.7693396538256,0.019761852344834574,0.31370968050246556,0.456159753975389,2.481471810141527,-0.684198633736206,0.5411449140045039,0.12336864183394836,2.011162587093715,0.9920130434782609,820746.0360869565
600036,2017-01-03,2026-06-26,2300,0.0,76.35,249.49,168.85404347826088,40.851540516736215,0.014875712447819357,0.2361446142710275,0.36756922820598287,2.931377871420227,-0.45300412842197985,0.5610590302821904,0.10605756498430696,1.599110297003794,0.29920869565217395,617076.9752173913
600039,2017-01-03,2026-06-26,2288,0.0,22.64,126.11,63.48475524475524,33.1471928721751,0.018366257723082997,0.291555302701182,0.6429905788459128,5.59381162630613,-0.40279609601688227,0.5416802003608221,0.11720998281605377,1.8583214793741112,0.6908653846153846,289881.1691433566
600048,2017-01-03,2026-06-26,2300,0.0,162.12,370.06,251.63659565217392,47.64436518614149,0.01775840439978399,0.28190593033886213,0.4182282143894297,3.2087099277855398,-0.5589093660487491,0.13766382210091424,-0.0007149634535082994,-0.006754289886820142,0.8295130434782609,985985.2721739131
600050,2017-01-03,2026-06-26,2205,0.0,4.64,11.71,7.024430839002267,1.2135184948498046,0.01879837261972733,0.2984149140271457,0.807275377397197,6.487263679264283,-0.6037574722459418,-0.012882975967756942,-0.04331384348530387,-0.34267912772585674,0.7798321995464852,2105986.922902494
600061,2017-01-03,2026-06-26,2300,0.0,26.54,70.19,48.931782608695656,7.59279711475262,0.020094467660984296,0.31898978495516533,0.5416624119452623,6.230417928148774,-0.6007821901323707,0.03717383918569523,-0.03658985357728339,-0.297575076280713,0.5137521739130434,264198.3060869565
600066,2017-01-03,2026-06-26,2299,0.0,396.68,1473.71,716.1333275337104,254.8958894983108,0.016073101951453467,0.25515258336559704,0.34039763553816915,3.1213808496880957,-0.5617473540004851,0.38230366181916475,0.06466188718716248,0.8107146657747915,0.8781513701609396,192124.4523705959
600085,2017-01-03,2026-06-26,2300,0.0,238.99,611.3,360.4886391304348,84.92895957521358,0.018439319674824577,0.29271512522883736,0.5819942491494859,4.7944100927563325,-0.5873875347619838,0.08050424973807804,-0.018126915348457562,-0.15914924825815924,0.7508695652173913,102977.39434782609
600089,2017-01-03,2026-06-26,2294,0.0,241.87,2320.2,794.7020662598082,455.6492656951921,0.02429201029347167,0.38562370849408323,0.6651891727172419,4.089928800538604,-0.5391020999275888,0.6027114582655472,0.16470499547288786,3.240748036666403,1.7936312118570183,749397.3775065388
600104,2017-01-03,2026-06-26,2300,0.0,97.4,189.08,134.11176521739134,18.88903602755091,0.012411593617358278,0.19702794051315942,0.25945018981791756,4.6313653175418645,-0.48487412735349866,-0.03985012050923706,-0.025870399905695396,-0.21992631747557256,0.32405652173913047,374041.9534782609
600111,2017-01-03,2026-06-26,2300,0.0,146.13,1043.1,385.40978695652177,220.57575172779264,0.02779984408620169,0.44130884363075595,0.6193064370806752,2.7185782416295847,-0.7241160489420346,0.5495837933455701,0.15112068990007455,2.7945740123750595,2.1908,794582.2452173913
600115,2017-01-03,2026-06-26,2300,0.0,3.67,8.75,5.403091304347826,1.083175603052981,0.018942602765860465,0.3007044966165064,0.3654672357946565,3.6514810058631415,-0.5805714285714292,-0.03978763742617831,-0.053404969442549244,-0.40551724137931044,0.5430869565217391,645305.4426086957
600118,2017-01-03,2026-06-26,2300,0.0,273.01,2413.32,570.4228782608697,308.86162618943433,0.02712657457444802,0.43062102147022346,0.5595710458049943,3.7585377168454386,-0.649534247818737,0.45157844409594877,0.10378294447975622,1.5489008710078802,1.699186956521739,200930.52391304346
600150,2017-01-03,2026-06-26,2159,0.0,26.16,104.92,62.201996294580816,18.45583281816441,0.023319145147953524,0.37017995308862117,0.357252284161357,3.1372218720658034,-0.6616658044490431,0.23876784859944172,0.018424658592715915,0.18886337543053955,1.423506252894859,418556.57804539136
600160,2017-01-03,2026-06-26,2290,0.0,53.07,437.0,127.91125764192141,78.31667002630799,0.025620334644206707,0.4067102038489407,0.23725809580775192,2.4470925211815326,-0.4787465281970777,0.7138106066797827,0.22048379932818962,5.606198034769463,1.2185327510917028,308867.9017467249
600176,2017-01-03,2026-06-26,2288,0.0,83.29,1023.72,189.5462194055944,84.46518176895572,0.02303879697065634,0.3657295637427896,0.42214448499523277,2.763512556782798,-0.5682245781693283,0.9370321241438465,0.30273397314231687,11.255716509038669,1.1279414335664335,411812.6617132867
600183,2017-01-03,2026-06-26,2300,0.0,50.27,1068.9,148.5408304347826,113.00761657423931,0.024732996859278232,0.3926241532019507,0.3241581891054256,2.212201854555908,-0.558968943503096,1.0325139587118954,0.37208000936363983,19.03394819466248,1.3658000000000001,293743.1647826087
600188,2017-01-03,2026-06-26,2300,0.0,19.97,113.04,48.96078260869565,24.237669691971856,0.020582011295380804,0.32672930021459984,0.23325246852393952,3.187541071192527,-0.4609986504723348,0.600802811758944,0.14766583719840676,2.688021061869241,0.8278173913043478,301212.21869565215
600196,2017-01-03,2026-06-26,2300,0.0,261.44,1032.01,428.3149608695652,131.641113521088,0.02368517619344262,0.3759905157995798,0.38047455558069304,3.058116399360321,-0.7210298349822188,0.19824753610666693,0.004073213067866677,0.03926959954878728,1.358782608695652,273175.1152173913
600219,2017-01-03,2026-06-26,2294,0.0,14.07,59.14,24.004363557105492,7.679164225447496,0.019964257659761814,0.3169227652664767,0.344949503427836,5.09577350737322,-0.5036927621861141,0.36891056601460853,0.06633736874608553,0.8378970427163197,1.1093897122929381,1177643.033565824
600221,2017-01-03,2026-06-26,2169,0.0,3.03,8.26,4.85324112494237,1.22456455753763,0.016926487490501293,0.2686996588182731,0.4594203735389257,5.881105939566876,-0.6331719128329328,-0.1721884944058205,-0.07193607942958868,-0.5070785070785071,0.7125680036883356,1846596.3633010604
600233,2017-01-03,2026-06-26,2300,0.0,31.28,90.44,51.41452608695652,10.636061472488635,0.020994401762641054,0.3332757959311459,0.6830021848502711,3.248329899270531,-0.6541353383458652,0.037751035059619395,-0.040064341316796925,-0.3212158808933002,0.7130913043478262,145056.63826086957
600276,2017-01-03,2026-06-26,2300,0.0,798.89,4538.88,2286.6622739130435,737.8995468400225,0.02092875591386608,0.3322337003883719,0.22888924207404973,2.290247355467705,-0.7045945255217144,0.5190474899558486,0.1196748247280337,1.9186385977014329,0.5942565217391305,328164.7804347826
600309,2017-01-03,2026-06-26,2175,0.0,560.64,3825.54,2011.1608091954022,716.3341332462267,0.020146573067478885,0.319816932640445,0.3713639754571956,2.347095465859088,-0.5453556883472667,0.663471525952771,0.1581493321002725,3.0198879851598175,1.0406758620689653,226495.1043678161
600346,2017-03-14,2026-06-26,2237,0.0,31.98,306.23,117.20148860080464,44.74850491172811,0.02308063446443846,0.36639371336694376,0.2259089694609359,3.0626057760022287,-0.701760114946282,0.560772510625491,0.14155243967622044,2.418177537085001,0.671524362986142,237987.048278945
600362,2017-01-03,2026-06-26,2300,0.0,16.33,77.5,25.695478260869567,9.290967742347881,0.020241602302826883,0.3213254749845136,0.33411136257582735,3.802484411804394,-0.4361008784358162,0.4573885747933518,0.09635409440881837,1.390904692791485,1.4479652173913042,300515.3156521739
600372,2017-01-03,2026-06-26,2277,0.0,22.83,49.12,32.870790513833995,5.20267622329887,0.021180256694124495,0.33622615150298674,0.4184233558239822,3.929333718541422,-0.5352198697068409,0.00389303626624969,-0.05102075082586577,-0.39117647058823524,0.731796223100571,212928.3842775582
600406,2017-06-08,2026-06-26,2193,0.0,318.72,1184.66,675.937747378021,235.28661985208535,0.019746210540319102,0.3134613745536402,0.4820403761417794,3.4404257155428715,-0.4113706109049388,0.5122359837142576,0.113377160763515,1.6426974331455146,0.612562699498404,288680.98404012766
600415,2017-01-03,2026-06-26,2300,0.0,119.82,779.44,262.4556695652174,142.83090318940813,0.02205937341700073,0.35018169683575834,0.7304555931244349,4.389018750117896,-0.5845785805914787,0.2522693568599966,0.02695903779453035,0.28669001144125095,0.9162304347826087,500013.48260869563
600426,2017-01-03,2026-06-26,2300,0.0,58.03,338.77,178.4452,74.70820735208753,0.023287990514486594,0.36968538861457595,0.23085118118852158,1.955762936508358,-0.4625156838143031,0.5572712845990958,0.14197527164949375,2.5183389885280336,1.0458,193028.82739130434
600436,2017-01-03,2026-06-26,2300,0.0,195.1,2128.18,876.3102086956522,448.2988236796156,0.021059385104240772,0.3343073744985548,0.07691215986501203,4.082467345129068,-0.7550489150353827,0.4814799956964789,0.10648246407683315,1.6085868694955963,0.5952086956521739,35909.51826086957
600438,2017-01-03,2026-06-26,2290,0.0,45.61,559.52,211.8376288209607,116.38710495662932,0.027741602203139638,0.4403842823999342,0.41622118097591276,1.8269554572132933,-0.743941235344582,0.4566649944568514,0.10570390875239166,1.5912461566286855,1.4032401746724892,553680.6283842794
600460,2017-01-03,2026-06-26,2224,0.0,61.62,728.32,267.4291951438849,145.05555957490714,0.030851052168662907,0.4897452703377718,0.5013399222821466,1.8182319370673063,-0.7599544156414755,0.7200241969578707,0.243169230816908,6.865755865755864,3.411285971223022,469118.96537769784
600482,2017-01-03,2026-06-26,2279,0.0,28.45,87.43,44.59378674857394,9.737705104967395,0.021392332972249198,0.33959275804835154,0.4163119017537258,4.091204268156053,-0.6357700678530284,0.1686186819062095,-0.00010024806937403152,-0.0009495173286911962,0.8521676173760421,128170.0587977183
600489,2017-01-03,2026-06-26,2289,0.0,54.23,383.22,102.12591087811269,47.704012263843985,0.02239643218115965,0.355532338838834,0.3524210674428193,3.3250316808251617,-0.5397682793173633,0.3351101929040225,0.055359094610444526,0.6662257912139822,1.2163128003494976,503224.8990825688
600515,2017-01-03,2026-06-26,2161,0.0,8.56,33.55,15.407820453493754,5.624325401290361,0.0256859071160938,0.40775113456973083,0.25853592318490703,2.761887661052715,-0.7448584202682563,-0.10164454569498942,-0.10639355248962257,-0.6555891238670695,1.2112355391022678,474550.190189727
600519,2017-01-03,2026-06-26,2300,0.0,1821.59,13457.95,7410.677243478262,2738.932619309148,0.016944733470894573,0.2689893047775562,0.29685079791535274,3.0893457044105643,-0.4517894627339238,0.7096486044998422,0.1607152902921114,3.1050785302949624,0.29024347826086955,36445.97217391304
600522,2017-01-03,2026-06-26,2300,0.0,43.86,407.02,86.10103478260869,37.61331071911084,0.026310192247157638,0.4176613537936725,0.3303508993296425,2.378675587162742,-0.5791489098882101,0.6675827385081128,0.20306859292513835,4.76511226252159,2.3319391304347827,734647.2004347827
600547,2017-01-03,2026-06-26,2270,0.0,183.27,973.93,371.38651101321585,115.55116065138986,0.021785419659235146,0.34583281575308217,0.39772649898630724,3.0630760140734865,-0.6055157968231804,0.2484849193567406,0.02544835239369503,0.26886621090524776,1.1807092511013215,305135.8942731278
600549,2017-01-03,2026-06-26,2300,0.0,109.34,864.97,201.8024260869565,96.52337578903553,0.024427562665168795,0.3877755356848967,0.40943213609365725,2.6129090176081826,-0.574304068522486,0.6402560814854599,0.18183300166484928,3.8699003572100024,1.9114956521739133,258817.31869565218
600570,2017-01-03,2026-06-26,2298,0.0,341.26,1890.4,911.3926588337686,350.3573883575013,0.026682928975295617,0.4235783659165904,0.3854402896401477,1.762114276765634,-0.7533537875581887,0.29907850650575435,0.03676668055097809,0.4079550002223309,1.9364751958224544,239541.96214099217
600584,2017-01-03,2026-06-26,2282,0.0,28.59,384.75,103.41611305872043,42.1062845885422,0.030571752861082366,0.4853115312825079,0.30723951153740897,1.5416754618145405,-0.692249730893433,0.6424049389232074,0.20433706821717657,4.82296875,3.4867747589833478,475557.9916739702
600585,2017-01-03,2026-06-26,2300,0.0,59.85,212.13,129.0018,31.496223384616975,0.01540591697961149,0.24456135028175602,0.5672018733748404,3.7331334143765957,-0.532315089803425,0.34653843611752927,0.054394322949199436,0.6518481518481516,0.6803999999999999,272152.2791304348
600588,2017-01-03,2026-06-26,2298,0.0,216.5,1557.76,631.9396301131419,299.9562424369931,0.027880604525187317,0.44259087585472623,0.44320810902385105,1.7348702823893412,-0.8171605382087097,0.22061059698439275,0.0004087952777926951,0.0038803396126294576,1.1235335073977373,321514.6536118364
600600,2017-01-03,2026-06-26,2300,0.0,39.49,155.75,89.1700695652174,30.20468521530354,0.020210487555323158,0.32083154368050504,0.602540391612676,3.325467047776037,-0.5051043338683782,0.3845824624898826,0.07210331855758856,0.9342534504391466,0.8456652173913043,59175.108695652176
600660,2017-01-03,2026-06-26,2300,0.0,1100.48,4373.9,2328.014152173913,830.099257863559,0.015984065362176537,0.2537391713287241,0.6241931474731647,3.4910131960193604,-0.45802352304988564,0.5871687440000306,0.11922562792599445,1.9075622092561373,0.7369652173913044,147613.68130434782
600674,2017-01-03,2026-06-26,2300,0.0,163.78,434.97,262.13455217391305,72.53326981722164,0.01208993615959712,0.19192178666964768,0.21806380856235327,4.693213029782155,-0.2583166655171619,0.4711051299282779,0.07180553637071463,0.9291686292981629,0.31776956521739125,146062.09
600690,2017-01-03,2026-06-26,2298,0.0,357.35,1227.25,812.7829677980853,208.18989524700814,0.01832549830501863,0.2909082669984899,0.29775544674526105,2.2811001063914764,-0.42898153087925267,0.4622111505635919,0.09283896697930105,1.319245810055866,0.6394342906875544,395748.59268929507
600741,2017-01-03,2026-06-26,2300,0.0,496.51,1141.78,764.9289217391305,100.90464385977913,0.01611351014960226,0.2557940436249766,0.33505372817881174,2.4080546103105247,-0.4491583317276537,0.27624417004758006,0.03732693537050147,0.41518102568130044,0.5176739130434783,159971.23173913042
600760,2017-01-03,2026-06-26,2288,0.0,76.43,558.64,260.738159965035,118.11060052781588,0.027916423597598918,0.4431594860014909,0.4219367411897815,2.5472590923316654,-0.46988949040311395,0.5783711375221141,0.1642528319675869,3.2251733612455835,1.9937718531468531,163499.18618881117
600795,2017-01-03,2026-06-26,2236,0.0,580.62,1636.46,974.2494812164581,279.11322378047,0.013091305098732254,0.20781802577110453,0.31898902516279143,6.21702135071551,-0.4210935630533634,0.36257134975436883,0.05165401796939095,0.6116136423303657,0.6010107334525939,1101545.6560822898
600803,2017-01-03,2026-06-26,2258,0.0,39.14,156.92,90.63783879539415,27.64758787666685,0.025117904002905277,0.398734364681287,0.23724661234486794,2.785466428305732,-0.5266658604426167,0.32159965181769395,0.047396953953471765,0.5508462317373066,0.8564968999114261,119985.93401240035
600809,2017-01-03,2026-06-26,2289,0.0,78.15,1514.65,672.0874836173001,411.47706535849926,0.0248791631158806,0.3949444705921854,0.2195061465181118,2.4541900419102065,-0.6685240814709671,0.7154859880963337,0.21679835937580028,5.419573400250941,0.6318829183049366,63983.487986020096
600845,2017-01-03,2026-06-26,2298,0.0,45.03,430.72,216.24000870322018,105.95671112523769,0.024482951202537045,0.3886548014570567,0.49944715497167097,2.290285331122533,-0.5758033060921238,0.5318080919916611,0.1350977011371075,2.3226041098381525,0.7891253263707572,91935.29503916448
600875,2017-03-28,2026-06-26,2240,0.0,16.1,95.39,33.78387946428571,13.807864036106235,0.022864864726120936,0.3629684749586939,0.4008274703657312,3.24111711293748,-0.459210795338377,0.4859239528694527,0.11241282170197198,1.6777032690695726,1.5212857142857144,312417.1580357143
600886,2017-01-03,2026-06-26,2300,0.0,215.47,634.03,366.0226913043478,110.62324326955395,0.013658127407112758,0.2168160509643348,0.399243388166098,3.919863355011173,-0.2533003170196991,0.5158971000967403,0.08886460586178724,1.2405439272288485,0.34683478260869566,242324.8852173913
600887,2017-01-03,2026-06-26,2296,0.0,1348.52,4007.82,2526.1801698606273,459.33924791814854,0.016192980233064314,0.2570555920900375,0.1928088305446389,4.566139351160292,-0.47177018927995706,0.39002899310789607,0.066796460893779,0.8454086054676595,0.8631620209059234,526317.668554007
600893,2017-01-03,2026-06-26,2289,0.0,69.27,274.63,132.42543468763654,39.75444365249115,0.024488918571334187,0.3887495304999686,0.4208157297433244,3.1241813963363345,-0.6068528565706579,0.2328807519432762,0.014886463399425454,0.15029686174724333,0.9406028833551769,211668.20576671037
600900,2017-01-03,2026-06-26,2289,0.0,27.87,72.19,49.855993883792046,12.004220549382383,0.008168824879831874,0.12967607481403337,0.42848463459236624,3.6606649682151033,-0.13102356665494266,0.7973938786757471,0.09530015636583267,1.3692142088266954,0.23110091743119265,486972.8256880734
600905,2021-06-10,2026-06-26,1222,0.0,3.82,7.99,5.274672667757774,0.8567276843888509,0.017941657703635615,0.28481498635239627,1.5649642164573732,10.300961812526985,-0.4956195244055067,0.1840364896176708,0.012155595542064912,0.0628272251308899,2.0395499181669394,2031454.278232406
600918,2020-06-03,2026-06-26,1470,0.0,5.36,21.63,8.586850340136053,3.075362283868697,0.021784811363163396,0.3458231593523061,0.9764688103649639,7.051894577906348,-0.7521960240406849,0.10704131936856941,-0.020949691922841462,-0.12044374009508718,2.291394557823129,374797.8299319728
600919,2017-01-03,2026-06-26,2294,0.0,6.26,18.48,9.970754141238015,3.1744013858449405,0.013189734187255163,0.2093805391111428,0.2687023107402431,4.759440001983531,-0.4088762983947115,0.4054524331868557,0.06238545440519783,0.7743589743589745,0.7997646033129905,804354.4581517001
600926,2017-01-03,2026-06-26,2300,0.0,15.05,41.25,26.323208695652177,7.407627175688584,0.015588639279518994,0.24746197686900215,0.7087695712566586,4.758915955604949,-0.3918019696566421,0.3678846121773172,0.060115614793612604,0.7387600567912922,1.0113173913043478,262360.3169565217
600930,2025-07-16,2026-06-26,229,0.0,4.86,7.73,6.3327074235807865,0.36696193094166896,0.021315543853934533,0.3383737685856124,0.9181624995185488,9.697013287129908,-0.3712807244501943,-1.1067142153651268,-0.3384485798804925,-0.32311977715877427,6.833668122270742,1927074.2445414846
600938,2022-04-21,2026-06-26,1013,0.0,13.62,48.79,27.357433366238897,7.973906093384771,0.020450031921244925,0.3246341926016789,0.5217087253507009,4.301693174309584,-0.328755892600943,0.8248129549688837,0.22985158478108247,1.3749093546047861,2.4266633761105627,538848.333662389
600941,2022-01-05,2026-06-26,1082,0.0,57.58,131.66,102.21994454713493,21.81112526626781,0.014766490149588462,0.23441076403857622,0.8223775452026534,6.069716315579834,-0.1905666109676446,0.7234125345010076,0.1462935620861774,0.8412232204561159,1.7056469500924216,117902.63770794825
600958,2017-01-03,2026-06-26,2278,0.0,8.6,19.86,12.414640035118527,2.090469291768763,0.020813213493071206,0.3303995213205622,0.5183271245524653,4.511781744605471,-0.5443101711983889,0.0684349755054256,-0.02971442679209846,-0.24861196792103646,0.9393151887620719,581531.0746268657
600989,2019-05-16,2026-06-26,1726,0.0,8.16,37.24,16.1884067207416,4.635241207768209,0.02297673837197077,0.36474441402977853,0.10071082877034333,2.7721867107831852,-0.5157270029673593,0.3392748777518419,0.056696594272759304,0.4803247970018736,1.6033661645422943,368833.52549246815
600999,2017-01-03,2026-06-26,2294,0.0,18.35,47.39,29.027877070619006,4.99842569028546,0.016481683837135472,0.2616386197239195,0.867861239447109,7.142831339178386,-0.51529858619962,0.3339256852347045,0.05266016417680275,0.6262833675564681,0.3936965998256321,261348.36137750655
601006,2017-01-03,2026-06-26,2300,0.0,10.54,14.59,12.870373913043478,0.8329327587599076,0.00621833631116093,0.09871302868736749,-0.17354160126653242,4.878252423344034,-0.18220338983050596,0.17175774971759114,0.01169882116831622,0.11651376146788994,0.3256782608695652,543260.3817391305
601009,2017-01-03,2026-06-26,2298,0.0,29.92,67.68,46.41461705831157,10.004810099416472,0.01265403403454679,0.20087656282294875,0.2083482926604952,4.3874630061592415,-0.3273381294964034,0.412752683028205,0.06223989538176,0.7720566965577089,0.5052349869451698,443635.1875543951
601012,2017-01-03,2026-06-26,2294,0.0,73.67,1377.53,478.5110069747167,346.7116760383771,0.028000560617029484,0.4444951197782958,0.3310318032753999,1.8377184056968332,-0.8163089007135962,0.530421774986858,0.14117500983651232,2.495045473055518,1.4209546643417612,771933.8064516129
601018,2017-01-03,2026-06-26,2300,0.0,3.82,7.29,4.898313043478261,0.5766421431046332,0.013259061260446922,0.210481072279879,0.27993313216258003,9.461050857002668,-0.4759945130315504,0.0019084108886555505,-0.02068419034504765,-0.17967332123411983,0.2023086956521739,292694.88826086954
601021,2017-01-03,2026-06-26,2300,0.0,60.56,139.31,97.6238347826087,20.247048389781092,0.020458188909863687,0.3247636807816735,0.3426586100402447,2.759962136059145,-0.3900653219438662,0.26369032366981077,0.03240981499909967,0.3528778913394297,0.6087173913043479,44205.06434782609
601058,2017-01-03,2026-06-26,2296,0.0,10.46,86.01,41.045296167247386,22.026185438398382,0.02312801622867717,0.3671458755560745,0.35606942786433343,2.859795843393464,-0.5002388915432395,0.5233673140565083,0.12773650781435042,2.1239495798319328,1.111959930313589,293256.6171602787
601059,2023-02-01,2026-06-26,805,0.0,11.88,22.36,16.42534161490683,1.9227506827148635,0.028107394274737286,0.4461910515179733,0.6094176476302029,3.307418270086865,-0.45974955277280927,0.43504493652042897,0.09398554438819207,0.35690235690235683,7.450559006211181,365469.98633540375
601066,2018-06-20,2026-06-26,1945,0.0,6.4,59.87,27.08047300771208,8.397539400683105,0.026737083879691308,0.42443804837242327,0.8348787671185035,3.9877237118990605,-0.6719559044596622,0.6457943845556117,0.1951289364009159,3.1743589743589746,3.2451619537275067,304791.24524421594
601077,2019-10-29,2026-06-26,1615,0.0,4.17,9.35,5.760507739938081,1.552090045415807,0.012181869425892914,0.193381182028643,-0.03394969530270802,10.790358093400227,-0.504750593824228,-0.010189690154173809,-0.019697299280179714,-0.12406417112299473,1.2276780185758513,546200.9640866873
601088,2017-01-03,2026-06-26,2226,0.0,21.94,74.93,41.52928571428571,14.365646981512242,0.012318699310427011,0.1955532891070364,0.48916474519070513,3.9270697158051973,-0.3239775461106665,0.7151656980464904,0.11912946879426056,1.9051959890610757,0.18276729559748428,301430.27852650493
601100,2017-01-03,2026-06-26,2300,0.0,22.25,414.76,170.5793304347826,101.1179822254531,0.02702183322247922,0.4289583040544587,0.3505025404381332,1.3373066058641907,-0.6749445462436109,0.893198923254142,0.32412479362867197,13.300856094578068,0.5567695652173913,63721.61565217391
601111,2017-01-03,2026-06-26,2299,0.0,6.95,15.09,9.476346237494562,1.4080417903509304,0.02019897977370229,0.32064886331063985,0.30064592476836943,2.401702378776544,-0.5394300861497682,0.13856716607808645,-0.006511477669438159,-0.06002554278416339,0.569826011309265,580449.9643323184
601117,2017-01-03,2026-06-26,2300,0.0,5.96,16.24,8.66124347826087,1.741673891453944,0.01949632484591185,0.3094945621320746,0.3210077077311521,3.8325050448666538,-0.5523399014778324,0.23999815963964333,0.025901858049709015,0.27419354838709675,0.9688826086956521,531991.6904347826
601127,2017-01-03,2026-06-26,2285,0.0,8.35,173.53,52.45872210065646,41.6389438153939,0.03332751435433384,0.5290578887850164,0.5834175333588174,1.9737242192760673,-0.7117973079968329,0.43869871018032197,0.09385626784453382,1.3397841458876067,2.1771859956236326,227693.4249452954
601136,2022-12-22,2026-06-26,848,0.0,10.18,30.31,19.604929245283017,3.0264372693259243,0.028549448965356057,0.45320845218157446,0.8382011201180707,3.408212734841279,-0.534477070273837,0.4548847031122787,0.10581384158742702,0.4233791748526523,9.854823113207546,380001.9575471698
601138,2018-06-08,2026-06-26,1952,0.0,9.24,84.23,21.698796106557378,15.988343166413355,0.02857861299687742,0.45367141682937595,0.49660320457530166,2.460200921781761,-0.6407465007776044,0.5975182035116126,0.17655352303201832,2.701462430660616,1.671203893442623,915502.1101434426
601166,2017-01-03,2026-06-26,2300,0.0,54.69,112.67,76.68829565217392,12.638996791484399,0.011887574371027441,0.18870939286514207,0.4093728634027223,4.911182560466919,-0.33697108941221354,0.3384489515133204,0.04540340867782855,0.5231006160164273,0.40012173913043475,796207.8060869565
601169,2017-01-03,2026-06-26,2292,0.0,16.0,26.52,19.419079406631763,2.4882749364887853,0.007391339196233144,0.11733387221374163,0.13604878412070195,7.838760467936319,-0.31943853679285455,-0.012462728548663381,-0.007970096691715223,-0.07302142544818546,0.34010907504363,684718.0501745201
601186,2017-01-03,2026-06-26,2300,0.0,8.99,15.19,11.12376956521739,1.2691211074315227,0.014813814165774587,0.2351620095057919,0.8246167516517935,6.731349102774476,-0.4081632653061215,-0.04495791056385557,-0.035940631020026204,-0.2930769230769231,0.5547608695652174,638117.8586956522
601211,2017-01-03,2026-06-26,2281,0.0,14.87,27.12,19.69060061376589,2.227493485248427,0.014508953497971702,0.23032249643660285,0.626939646193248,7.643760630731978,-0.3483786152497805,0.1888445841721967,0.016480246389364517,0.16752843846949328,0.533647523016221,438063.4743533538
601225,2017-01-03,2026-06-26,2300,0.0,5.03,36.2,17.783908695652176,9.308778435639216,0.018998911966938266,0.30159837747196594,0.2009144097200247,2.5699505130301405,-0.2929759704251387,0.7997390685152557,0.20742955586201162,4.966202783300199,0.521604347826087,505873.17913043476
601229,2017-01-03,2026-06-26,2300,0.0,18.01,35.07,23.344165217391303,3.982629142102254,0.010186396194467264,0.16170402651921073,-0.16190301211436703,8.742243460345698,-0.3381109886071291,0.2504115881457296,0.026733819459292985,0.28401865197117426,0.5579652173913044,320073.03739130433
601238,2017-01-03,2026-06-26,2300,0.0,10.71,31.22,19.038713043478257,4.203170419958265,0.01874561776575798,0.29757745668281915,0.5428411666660581,4.147299850133706,-0.656950672645741,-0.15062676259292754,-0.08199010998987022,-0.5554171855541719,0.3863304347826087,265343.89782608696
601288,2017-01-03,2026-06-26,2300,0.0,3.99,11.25,5.743904347826087,1.6456226273502166,0.0078138206405569,0.12404055722506187,0.36363282756253495,5.1724910083862,-0.21761658031088021,0.7905809670027338,0.09090786373672755,1.280701754385965,0.09930434782608696,3025104.468695652
601318,2017-01-03,2026-06-26,2300,0.0,76.25,206.23,141.93626086956522,28.152621230385883,0.014682451263075514,0.23307668807354398,0.5194774380223033,2.9967255742752243,-0.509431217572614,0.4013317653463929,0.06613312570016472,0.8345640627024229,0.6174217391304347,666893.2082608696
601319,2018-11-16,2026-06-26,1844,0.0,4.57,12.83,6.975667028199567,1.5192491576480398,0.019353549175280763,0.30722806862551266,0.9460428123843019,7.914268443193302,-0.6438035853468423,0.3766587664237402,0.06862373421836576,0.656964656964657,1.4646963123644254,682013.0509761388
601328,2017-01-03,2026-06-26,2300,0.0,8.55,15.74,10.756365217391304,2.04110024714254,0.007377156016123887,0.11710872120952684,0.23940319455246983,5.821086735738258,-0.21415441176470537,0.46938893751951744,0.04741763108734154,0.5511363636363635,0.30428260869565216,1101495.1013043479
601336,2017-01-03,2026-06-26,2300,0.0,30.43,97.2,52.28847826086957,12.692013868535978,0.020258299157649397,0.3215905293377375,0.6114621557721229,3.2432192353442213,-0.5872779058727792,0.31080309011107715,0.04794972609011938,0.5586191923577943,0.7450869565217391,155362.84782608695
601360,2017-01-03,2026-06-26,2178,0.0,13.82,115.87,30.428677685950415,16.208065045748356,0.028223528044538065,0.448034617960229,0.6409242687177006,2.7617894065766677,-0.8807284025200653,0.15992011766205208,-0.02488536361835325,-0.2124197002141328,2.1217217630853997,817553.6115702479
601377,2017-01-03,2026-06-26,2289,0.0,6.84,27.51,15.622774137177807,3.320684530875608,0.02611442006859212,0.4145535668050144,0.6905333490613018,5.284041442867746,-0.6435643564356432,0.19897595042985922,-0.0024552124496163286,-0.023024268823895522,1.1043031891655746,813114.0480559196
601390,2017-01-03,2026-06-26,2226,0.0,5.78,10.62,7.58947888589398,0.9846411986687292,0.01472573178031413,0.2337637449849097,0.699154728579494,5.734379773615235,-0.42998027613412154,-0.08365892246379228,-0.042590265561585516,-0.337953091684435,0.48427672955974843,967619.3710691824
601398,2017-01-03,2026-06-26,2300,0.0,6.42,13.05,8.899530434782609,1.5448900309924167,0.007491658279356125,0.11892638828792618,0.4295705961702688,5.791753150899615,-0.275419545903257,0.648099679554134,0.0697313505933872,0.8940809968847352,0.08948695652173913,2414557.0686956523
601456,2020-07-31,2026-06-26,1410,0.0,6.12,22.77,12.142106382978723,2.3913746182833577,0.027049394649114652,0.42939582813839167,0.8243950280733532,3.4182170681041075,-0.6091348265261306,0.3868824394577685,0.07385430893714173,0.522875816993464,4.730404255319149,480956.40780141845
601600,2017-01-03,2026-06-26,2191,0.0,3.13,16.57,6.139739844819717,2.4494540955238033,0.024509958315217566,0.38908352607975205,0.247951855919248,2.871828573187137,-0.6317647058823541,0.39984210975808265,0.07625997362468806,1.0064935064935066,1.332405294386125,1680759.3368324966
601601,2017-01-03,2026-06-26,2300,0.0,27.86,60.86,40.10875217391305,6.051623629324259,0.01693525113345495,0.2688387773372792,0.35182275033956134,2.184660509225429,-0.4797385620915031,0.2405566350163406,0.027993780474377283,0.29902729839974884,0.4578739130434783,305920.08260869567
601607,2017-01-03,2026-06-26,2300,0.0,23.5,43.95,32.043091304347826,3.470166113909184,0.01838475262876111,0.29184890022685733,0.6518913689875103,5.712221028460022,-0.4653014789533556,0.13209093747046521,-0.0035839778834223512,-0.03344947735191639,0.764204347826087,152303.00869565218
601618,2017-01-03,2026-06-26,2300,0.0,2.81,6.46,4.023904347826087,0.6624207057215588,0.01684651444776504,0.2674301261222575,0.6389574922999968,7.2523386619282695,-0.5196581196581189,-0.026655087609485196,-0.04024852452088834,-0.3224489795918368,0.6102826086956522,1081363.932173913
601628,2017-01-03,2026-06-26,2300,0.0,23.97,59.04,37.79746086956522,7.506738824701922,0.018332556069957453,0.2910203055435303,0.6895843182517757,4.058839389956792,-0.4782838051696864,0.2979808846675729,0.04398768670920772,0.5036674816625917,0.07851739130434783,163592.47
601633,2017-01-03,2026-06-26,2293,0.0,21.55,212.23,73.98068469254251,39.4130542409593,0.023741422535400795,0.3768833987974504,0.67100971729571,3.0529530898847974,-0.7319417612967055,0.3178079095278776,0.048619323664213177,0.5680815876515986,0.37612298299171393,229149.91931966855
601658,2019-12-10,2026-06-26,1585,0.0,4.55,7.84,5.87818927444795,0.6926511354684247,0.013177661677757352,0.20918889396415277,0.5174334388910324,4.0693869630343205,-0.297839506172839,0.21491406676632968,0.022518090144367342,0.1568627450980391,0.9750536277602523,1374438.9539432176
601668,2017-01-03,2026-06-26,2300,0.0,8.17,12.28,9.8764,0.9171124076873337,0.012785843461254958,0.20296897260409158,0.6409956531126638,4.653270521643082,-0.3023057216054666,0.09981761977220031,-0.0002186975758761145,-0.0020703933747411307,0.5335130434782608,2067172.1382608695
601669,2017-01-03,2026-06-26,2300,0.0,4.17,10.57,6.710265217391305,1.3838657610605385,0.01798606818069821,0.28551998081987645,0.9031720076719183,6.404291299240241,-0.5487012987012971,0.05319946847547752,-0.02394085138368296,-0.20516129032258068,1.0133608695652174,1195967.0934782608
601688,2017-01-03,2026-06-26,2300,0.0,15.74,30.96,20.624717391304348,2.9536753165726375,0.016586172912239308,0.2632973323686069,0.5723619304865084,5.181557879778173,-0.41768405475397635,0.2414346927788173,0.02842451142084479,0.30419403739262263,1.0009,683322.3704347826
601689,2017-01-03,2026-06-26,2300,0.0,14.67,180.1,69.35438695652175,42.24523496315861,0.030151400686517175,0.4786386473807197,0.4023268554713518,1.1576595939086811,-0.5905665643315647,0.5489670929107401,0.15433354319599335,2.896125584502338,1.4541521739130436,146901.27521739132
601698,2019-06-28,2026-06-26,1696,0.0,3.92,54.06,17.770283018867925,6.259730439131586,0.03247685964645837,0.5155541639332676,0.5377216879403129,2.2123954412749263,-0.6578239138792772,0.8377793874888794,0.33484651954141564,6.540816326530612,3.533885613207548,376632.6875
601727,2017-05-08,2026-06-26,2169,0.0,4.22,13.04,6.352392807745505,1.596319001595858,0.020338797935939245,0.32286840782693427,0.6407206281462713,6.037591296399077,-0.5553213909378253,0.08351916650178905,-0.023058109505216695,-0.1918976545842218,0.6829230059935453,837707.5218994928
601728,2021-08-20,2026-06-26,1172,0.0,3.84,9.37,6.235238907849829,1.5348139393562297,0.01651675507558386,0.2621953583745524,0.5190279054841508,8.581156480161908,-0.3116328708644605,0.17485920718254408,0.011231157842386486,0.0556464811783961,1.1191126279863481,1677797.5682593856
601766,2017-01-03,2026-06-26,2300,0.0,6.42,13.7,8.796404347826089,1.4988396793840542,0.013305916968098387,0.21122488357957736,0.8154457181371635,8.285586230721929,-0.5313868613138673,-0.059971665079356216,-0.03297663332479328,-0.27221172022684303,0.3507043478260869,839684.9369565217
601788,2017-01-03,2026-06-26,2300,0.0,10.77,33.11,18.462878260869562,3.18484073428947,0.018345743454983354,0.29122964879086105,0.7411680556670418,6.066639974524219,-0.5768649954696454,0.14581683850299557,0.0003933338887553983,0.0037333333333333663,1.0803695652173915,422099.0547826087
601800,2017-01-03,2026-06-26,2300,0.0,8.18,20.1,12.000095652173913,2.4018258404736947,0.017670421640429375,0.2805092473333808,0.764945652848134,5.357968745854174,-0.5930348258706463,-0.09446887098194795,-0.06114251248410518,-0.44999999999999996,0.3959782608695652,465307.1391304348
601816,2020-01-16,2026-06-26,1559,0.0,4.47,7.78,5.515708787684413,0.5634623798653262,0.01419451158054164,0.22533088574483737,0.5106293806328205,6.576554130381714,-0.42544987146529584,-0.11402356321175369,-0.04774049717844675,-0.2703101920236336,0.8386593970493906,1002454.964720975
601818,2017-01-03,2026-06-26,2300,0.0,4.44,6.81,5.280286956521739,0.4423214741295765,0.008967266120186829,0.14235093656489634,0.7774087707840102,8.265076744504892,-0.2500000000000008,0.18306853586417007,0.015500057467432438,0.15690376569037645,0.3098086956521739,1330045.825652174
601825,2021-08-19,2026-06-26,1173,0.0,5.81,11.89,8.197561807331628,1.7881916015147228,0.012067444198142674,0.19156473785060862,-0.5476818635028878,9.533197400381427,-0.39667705088265826,0.02474656460026489,-0.013037424584908197,-0.06168224299065417,0.802702472293265,234665.515771526
601838,2018-01-31,2026-06-26,2035,0.0,7.97,24.77,14.802,4.716721710801739,0.018163247878746937,0.2883326213303151,0.6242837634116692,6.585144943595152,-0.5089340727048682,0.49170387405163074,0.10137080836224399,1.2502482621648459,1.6869041769041766,263032.228009828
601857,2017-01-03,2026-06-26,2300,0.0,6.97,18.02,10.385230434782608,2.381647531951452,0.01131228684583677,0.17957698652106815,0.28991364844197653,6.240296670176039,-0.4152684563758387,0.2745974982373738,0.03250217940928857,0.35402521823472366,0.07775217391304348,1259592.1234782608
601868,2021-09-28,2026-06-26,1147,0.0,2.08,3.91,2.440331299040977,0.2479561727768015,0.01878652331150528,0.2982268120905635,1.1219991239276923,9.603125511572374,-0.31353135313531333,0.14985105331035195,0.0007657507629761362,0.0036363636363636598,1.958770706190061,3555510.0453356584
601872,2017-01-03,2026-06-26,2200,0.0,4.16,30.9,8.790959090909091,4.17549713167703,0.024688734946334747,0.391921517116748,0.5087401480695684,2.722955071324129,-0.42252066115702436,0.6497371672922803,0.1785713956522943,3.744027303754266,0.848859090909091,576267.1186363637
601877,2017-01-03,2026-06-26,2300,0.0,28.72,90.89,44.75801304347826,10.98528683891682,0.01948267299923706,0.30927784578464496,0.41716036602941403,3.2014886724384235,-0.6372538233028938,0.277692903869685,0.037562410214738495,0.41822800889171163,0.7308999999999999,148642.25782608695
601878,2017-06-26,2026-06-26,2186,0.0,5.85,23.59,11.899958828911254,2.658939646564163,0.02461296114775552,0.390718645355136,0.5356107146642196,4.3508098046720445,-0.7520135650699447,0.15202215074941544,-0.015644272623879685,-0.1322925225965489,2.8109881061299173,496925.83119853615
601881,2017-01-23,2026-06-26,2286,0.0,6.1,20.78,12.521990376202975,2.8450466182232548,0.02324551500657567,0.3690111108301152,0.7059033722140597,4.2775053013039255,-0.6303030303030299,0.2969654146932346,0.04142944875713561,0.4658511722731906,2.17343394575678,503059.40813648293
601888,2017-01-03,2026-06-26,2300,0.0,44.97,782.21,241.2620304347826,156.79824353274307,0.02593459256248786,0.41169889364476947,0.3915224563626278,2.318956538638874,-0.8415898543869291,0.47606095458610953,0.11360305608926846,1.7720653133274493,0.8262434782608695,159290.33
601898,2017-01-03,2026-06-26,2300,0.0,4.91,22.76,9.802195652173912,4.097079684992062,0.018630729254721062,0.29575365811060605,0.3286235541825278,3.533812538517741,-0.3839397741530746,0.456967829519339,0.09216845341301116,1.3057971014492753,0.32128260869565217,294111.417826087
601899,2017-01-03,2026-06-26,2296,0.0,5.67,68.78,18.277238675958188,13.072414496999137,0.021335440613091887,0.33868961984537144,0.2066992228502733,2.211379914410083,-0.4359301830566209,0.795287438659688,0.22611980311580626,5.900990099009902,1.118876306620209,2135942.8410278745
601901,2017-01-03,2026-06-26,2290,0.0,4.68,11.44,7.8542794759825325,1.0173808578992536,0.020676164584781925,0.3282239373478442,0.7049774584220644,5.682754845329624,-0.5469506292352375,0.1510606085436282,-0.0036537824999497426,-0.03409090909090906,0.6878209606986899,558913.4711790393
601916,2019-11-26,2026-06-26,1589,0.0,3.15,5.35,3.9711013215859032,0.43290097870034117,0.01074815194609505,0.17062162261741448,0.30230899752983187,13.837854478168582,-0.38476562500000216,-0.0736151094974294,-0.02560458142773614,-0.1569416498993963,1.0141598489616113,935317.5619886721
601919,2017-01-03,2026-06-26,2250,0.0,3.7,33.16,15.959044444444448,9.16569341697299,0.02316803016770221,0.36778107714589264,0.32449226557385713,4.348419134837137,-0.5790671217292386,0.6584723609469605,0.17895193391723274,3.758561643835616,0.8543999999999999,908972.3786666667
601939,2017-01-03,2026-06-26,2300,0.0,7.74,16.84,11.062382608695652,1.994167587880576,0.008892514490395036,0.14116429122974122,0.4863430139493542,6.441223840087496,-0.3026004728132386,0.6244841744086228,0.07820867101934104,1.0411840411840414,1.0236782608695651,982055.8947826087
601985,2017-01-03,2026-06-26,2300,0.0,4.46,13.42,7.710334782608696,2.0340322054256514,0.014155767949689698,0.22471584967210578,0.4155153643757243,4.972991856718173,-0.4534313725490184,0.2880129575307678,0.03882930371814508,0.43472222222222223,0.5602695652173912,792690.3526086956
601988,2017-01-03,2026-06-26,2300,0.0,5.09,10.39,6.692982608695653,1.4374135129992738,0.006892927204341731,0.10942182712775951,0.6624821501602796,8.072562585093898,-0.21068249258160246,0.7030157237297399,0.07069621858312014,0.9103313840155947,0.08215652173913043,1729289.680869565
601995,2020-11-02,2026-06-26,1350,0.0,27.36,75.27,41.296740740740745,8.903848438707035,0.02322264083444229,0.3686479946046467,0.6669551183428404,4.151635215163868,-0.636508569151056,0.16852772035629765,-0.004894786000628204,-0.0273209549071618,2.8705185185185185,202151.5525925926
601998,2017-01-03,2026-06-26,2300,0.0,7.21,14.12,9.230500000000001,1.82289450544743,0.011544742012203736,0.183267097888143,0.8419085703347872,8.548584254673024,-0.3172348484848518,0.31482318231113404,0.04027121707827752,0.4537037037037037,0.11664782608695654,411160.70304347825
603019,2017-01-03,2026-06-26,2287,0.0,46.5,497.29,154.30350240489724,89.55839398210213,0.03072019020228674,0.4876679010231224,0.35848909430305176,1.5609875556014003,-0.6016306954436453,0.6827739711874634,0.22832991833927507,6.019764957264958,3.308522081329252,373910.75732400524
603259,2018-05-08,2026-06-26,1975,0.0,31.1,396.9,184.2018683544304,75.04118755651109,0.02937471787837099,0.4663091900331151,0.2394127650112306,2.0097206668992356,-0.76283698664651,0.8464649038404272,0.3175359598175185,8.422508038585208,2.0337113924050634,278055.6951898734
603260,2017-10-30,2026-06-26,2101,0.0,28.11,346.49,87.45014278914803,49.39113544986814,0.02971827168495916,0.4717629376383264,0.38161164642852535,2.1610004799735805,-0.8356085312707433,0.47897134206419695,0.11755083787080478,1.6165065812877977,1.7451546882436932,62011.31746787244
603288,2017-01-03,2026-06-26,2300,0.0,110.92,946.0,399.9329,177.01028828944342,0.019238896808096442,0.3054080187207452,0.30453512798924265,3.0633239202262432,-0.7038583509513743,0.5032702632905973,0.10875163130481336,1.6597215985630895,0.1742,74045.99695652173
603296,2023-08-08,2026-06-26,697,0.0,53.01,176.78,100.66292682926829,28.62012907483897,0.030576418890912546,0.4853856022097519,0.3239162874037497,1.0832363508386265,-0.41515662312122487,0.7225443499483549,0.2509495837065425,0.9069450129622048,3.3636728837876615,90381.32424677188
603369,2017-01-03,2026-06-26,2300,0.0,30.2,172.23,100.95976956521739,40.03483382439118,0.02399536190037278,0.3809145612442837,0.34678116510971846,2.071524697657459,-0.5555362015908963,0.42489859105140215,0.09017038337865135,1.2661338069863821,0.8009652173913043,97187.78869565217
603392,2020-04-29,2026-06-26,1492,0.0,12.6,412.97,220.56858579088473,74.08638436786408,0.03301871045023184,0.5241557787801779,0.7516148822212332,2.0855263164114186,-0.8108095019008642,0.8464860303987266,0.34492419745993086,5.200793650793651,1.4847319034852549,37999.39410187668
603501,2017-05-04,2026-06-26,2050,0.0,10.11,342.17,148.15218048780486,73.09794402425133,0.033086664749073444,0.5252345198316939,0.42231357837475175,1.4984749864112796,-0.7137972352923985,0.8392928623265467,0.31036617219506857,10.843719090009891,3.328209756097561,109410.30146341464
603799,2017-01-03,2026-06-26,2288,0.0,35.63,273.36,106.5548208041958,53.033483478692936,0.033805308167043906,0.5366426304233936,0.17909875714166595,1.0368748159558843,-0.8008121158911322,0.5095989551092746,0.13254318094410578,2.2524218101300857,3.242180944055944,337345.541520979
603893,2020-02-07,2026-06-26,1549,0.0,13.94,249.35,103.93218205293739,46.13152663868746,0.034692797759398604,0.5507310909385653,0.6332343315394141,1.1830073394789897,-0.7523211208094727,1.036617782286828,0.49996086938906403,12.296269727403157,3.0032795351839896,55596.970948999355
603986,2017-03-13,2026-06-26,2164,0.0,137.33,4274.93,655.9327264325323,421.83251342131126,0.03552626823668348,0.5639620245866258,0.3370982149316196,0.8426829171091224,-0.7377848236045719,0.9156982211311636,0.3928010152611474,20.690402002349696,3.1966497227356747,149361.67883548985
603993,2017-01-03,2026-06-26,2300,0.0,11.32,84.27,22.11064347826087,12.53334715414526,0.02712062717964557,0.43052660950464744,0.2668499438912432,1.8762848862362782,-0.6198791134989925,0.608479909107815,0.17745239287688785,3.7015177065767286,1.1497565217391306,1925635.4126086957
605117,2021-04-20,2026-06-26,1256,0.0,47.15,884.6,341.7164649681529,152.35745030313444,0.037731997507767116,0.5989768912515643,0.44048814584715623,0.6094286115334158,-0.7712418300653594,1.2036912001633455,0.6854201871166299,13.961399787910922,3.7246019108280257,77166.6974522293
605499,2021-05-27,2026-06-26,1232,0.0,66.63,450.7,238.88012987012982,84.0645422962007,0.026104696301340036,0.41439920678528025,0.9436489419866132,3.216967335399894,-0.5842105263157892,0.7644083499195176,0.25012097280629364,2.1092600930511782,1.3732467532467532,16769.32224025974
688008,2019-07-22,2026-06-26,1680,0.0,43.86,286.16,80.03733928571427,36.25531534673734,0.03379260496536448,0.5364409733484052,0.46240112925072374,4.531178942441551,-0.6278635669438324,0.618398266228383,0.1992646010896797,2.5224239188467696,2.976339285714286,174351.8488095238
688009,2019-07-22,2026-06-26,1680,0.0,4.52,12.56,6.217892857142858,0.9946528094089961,0.0181926762330399,0.28879978197203365,-0.19391108648694738,24.223834558832902,-0.640127388535032,-0.2306878380710695,-0.09917752746239006,-0.5150774246128769,1.3435416666666664,334420.9648809524
688012,2019-07-22,2026-06-26,1671,0.0,61.46,616.52,168.66973070017954,73.93529115592003,0.03694107295600804,0.5864213532329459,0.8159059930043727,4.63706840526296,-0.7188705717292176,0.8104676562884573,0.34023538199340053,6.608540046896211,3.088342309994016,80836.81029323758
688036,2019-09-30,2026-06-26,1631,0.0,37.71,249.68,119.1438381361128,38.845730226028905,0.03459901954148747,0.5492424078806392,0.5175474957936556,3.0484824658683,-0.7671018904197376,0.41806511236205773,0.08014767340392237,0.6811418685121109,1.6636112814224404,60316.27774371551
688041,2022-08-12,2026-06-26,926,0.0,37.8,360.84,121.72380129589634,76.06410268173661,0.03976509705269126,0.6312513459706116,0.7099907096019682,4.474171687888876,-0.49670886075949383,1.0656955413106386,0.5710582228574201,4.748086522462562,3.906414686825054,236127.469762419
688047,2022-06-24,2026-06-26,971,0.0,67.93,193.38,117.12496395468588,26.49809152967802,0.037578187638425214,0.5965352352707682,1.115817648083083,4.685960640622458,-0.5923559546422611,0.5027215472655816,0.1292158633282734,0.6270349163579207,3.4490834191555098,45497.42327497425
688072,2022-04-20,2026-06-26,1014,0.0,89.71,1823.14,407.18871794871797,255.9473313461801,0.039792839266697466,0.6316917399650841,0.9016576274132475,4.015544634607389,-0.5007580584913542,1.4849625105323863,1.040337244948697,18.752329360780067,3.2323668639053253,34228.50690335306
688082,2021-11-18,2026-06-26,1115,0.0,69.35,415.65,116.21982959641257,41.57571074915842,0.035057444358147144,0.5565196762388505,0.6494851420488849,6.540986760620652,-0.4970993473531535,0.748330720173255,0.28783997706836506,2.2034682080924854,2.5214977578475337,26045.52197309417
688111,2019-11-18,2026-06-26,1601,0.0,126.35,518.6,292.33266083697686,73.02463289391136,0.03579872976196732,0.5682872172130321,0.7110138494230404,3.5339810182221765,-0.6770784644461151,0.41291725027102105,0.07535274187530216,0.6156707558369607,1.4539725171767641,38816.415990006244
688126,2020-04-20,2026-06-26,1489,0.0,10.38,63.9,23.103243787777032,7.077734607371374,0.03533853534363323,0.56098185729912,1.4363852907381982,9.120672688723383,-0.8059467918622845,0.623514318597839,0.20694643678345792,2.1989000916590284,2.9009805238415045,302745.55809267965
688183,2021-02-25,2026-06-26,1293,0.0,6.73,142.86,30.404663573085845,31.275676242755853,0.03838049431710637,0.6092714589527475,1.2011843040759695,5.801758071492962,-0.6787589498806685,0.8825125381660647,0.40966348317885304,5.235541044776119,2.4054060324825985,96075.8143851508
688223,2022-01-26,2026-06-26,1067,0.0,5.04,18.94,9.866597938144329,3.643641477714235,0.03105971026931369,0.49305761499793815,1.2683490477407342,6.9557754858546925,-0.7338965153115098,-0.11313676920267188,-0.154122323606792,-0.5222748815165876,2.344245548266167,784520.5248359888
688256,2020-07-20,2026-06-26,1439,0.0,47.3,2247.62,384.99756080611536,467.4826550618585,0.04364261665144087,0.6928050613430341,1.1464268915069946,5.388924542591393,-0.8319715808170509,0.9249483371094483,0.47996522495621696,9.23502824858757,2.8336970118137597,65218.38707435719
688271,2022-08-22,2026-06-26,930,0.0,93.26,214.88,136.54218279569892,22.67697664176883,0.023338449823494825,0.3704864053123596,0.9297645620827275,5.046622193388709,-0.5659903201787043,-0.2596394359728794,-0.14551647021911718,-0.4536475002759077,1.4440967741935486,37665.51612903226
688303,2021-07-22,2026-06-26,1193,0.0,21.76,91.03,41.57129924559933,15.288620403119404,0.027473934381607733,0.4361351874614472,1.1484721908444817,6.460014041953338,-0.7609579259584756,-0.27915902988799246,-0.18663054282018854,-0.6386843397152675,2.3312657166806368,108677.14501257334
688396,2020-02-27,2026-06-26,1535,0.0,32.38,100.11,53.82332899022801,10.913659631432353,0.029796185146417957,0.47299977549515154,0.7908955113719772,6.335363457495088,-0.6546798521626217,0.4799139634828565,0.1187362072873992,1.0338014758390859,2.5423583061889254,113279.84495114007
688472,2023-06-09,2026-06-26,737,0.0,8.56,24.21,12.841533242876526,2.609095807749438,0.03467711494877064,0.5504821340378846,1.0975175469148313,6.262560618448392,-0.5650406504065034,0.15604602056012415,-0.057935082938458615,-0.1662835249042145,4.6518317503392135,450573.6499321574
688506,2023-01-06,2026-06-26,838,0.0,32.05,410.0,194.95326968973745,94.59184557619864,0.041001028837457446,0.6508711548102007,1.6195783085609174,5.4332470466836895,-0.5010243902439023,1.2857738279138955,0.8337024325978781,7.193135725429016,2.195346062052506,14277.571599045346
688521,2020-08-18,2026-06-26,1408,0.0,24.79,338.05,82.54055397727272,54.8734709314039,0.04225054486858061,0.6707066068754428,1.1224903669373123,3.9925249474179347,-0.8313490713653987,0.5448419438418779,0.15035346436267383,1.2702702702702702,2.930795454545455,82818.62997159091
688981,2020-07-16,2026-06-26,1435,0.0,36.83,156.86,66.33264111498258,26.626924821436393,0.027871260673050874,0.4424425468004839,1.5699296137046228,10.506319180758464,-0.565786371138882,0.44765436218289106,0.10332623729855195,0.7940183309213698,2.4061045296167247,411143.03205574915
